27.1485741283808,0.41976
27.0071752933391,0.43063
26.8672417313175,0.64947
26.7287507834531,0.64918
26.5916802556801,0.57047
26.4560084068729,0.14975
26.3217139373502,-0.13675
26.1887759777272,0.12611
26.0571740781043,0.40051
25.9268881975801,0.64078
25.7978986940768,0.70947
25.670186314469,0.76611
25.5437321850029,0.83726
25.4185178019987,0.89524
25.2945250228239,0.90003
25.17173605713,0.77815
25.0501334583435,0.69255
24.9297001154021,0.69059
24.8104192447277,0.64904
24.6922743824296,0.62379
24.5752493767287,0.70618
24.4593283805965,0.73753
24.3444958446015,0.74551
24.2307365099554,0.78192
24.1180354017547,0.79763
24.0063778224088,0.81104
23.8957493452505,0.79685
23.786135808322,0.70549
23.6775233083315,0.65499
23.5698981947744,0.6914
23.463247064214,0.77543
23.3575567547169,0.87589
23.2528143404385,0.9369
23.1490071263524,0.9305
23.046122643122,0.88624
22.9441486421068,0.84734
22.8430730905013,0.83096
22.7428841666019,0.84108
22.6435702551978,0.86783
22.5451199430817,0.88457
22.4475220146777,0.85527
22.3507654477818,0.7999
22.2548394094126,0.771
22.1597332517678,0.78065
22.0654365082841,0.80992
21.9719388897979,0.832
21.8792302808022,0.82508
21.7873007357985,0.81593
21.6961404757404,0.83343
21.6057398845653,0.8607
21.5160895058135,0.85751
21.4271800393304,0.83873
21.3390023380505,0.82545
21.2515474048599,0.81665
21.1648063895365,0.80683
21.0787705857645,0.81949
20.9934314282207,0.85578
20.9087804897326,0.88168
20.8248094785037,0.88529
20.7415102354064,0.88699
20.6588747313391,0.89351
20.5768950646461,0.88927
20.4955634585993,0.86349
20.4148722589385,0.8335
20.3348139314705,0.81933
20.2553810597239,0.82238
20.1765663426586,0.83915
20.0983625924291,0.85938
20.0207627321991,0.86441
19.9437601917601,0.85209
19.8673473113896,0.84118
19.7915177354957,0.83494
19.7162648104145,0.83878
19.6415819832954,0.85689
19.5674628001986,0.86859
19.4939009042363,0.86337
19.4208900337547,0.86739
19.3484240205576,0.8873
19.2764967881694,0.89198
19.2051023501361,0.86824
19.1342348083647,0.8542
19.0638883514991,0.86267
18.9940572533309,0.85978
18.9247358712464,0.84175
18.855918644706,0.83379
18.7876000937576,0.84691
18.7197748175823,0.87662
18.6524374930706,0.89841
18.58558287343,0.88505
18.5192057868222,0.84952
18.4533011350293,0.83105
18.3878638921489,0.84334
18.3228891033156,0.86249
18.2583718834511,0.86416
18.1943074160397,0.85327
18.1306909519294,0.84837
18.0675178081586,0.85957
18.0047833668066,0.87891
17.9424830738689,0.89431
17.8806124381545,0.90007
17.8191670302074,0.89816
17.7581424812486,0.89438
17.6975344821416,0.88843
17.6373387823774,0.88228
17.5775511890809,0.88698
17.5181675660377,0.89374
17.4591838327399,0.894
17.4005959634515,0.89959
17.3423999862926,0.91431
17.2845919823415,0.92574
17.2271680847555,0.92372
17.170124477908,0.90827
17.1134573965441,0.903
17.0571631249514,0.90709
17.0012379961484,0.91132
16.9456783910878,0.91588
16.8904807378762,0.91334
16.8356415110083,0.90698
16.7811572306164,0.90864
16.7270244617344,0.91343
16.6732398135758,0.91552
16.6197999388258,0.91883
16.5667015329467,0.91514
16.5139413334968,0.90608
16.4615161194623,0.90253
16.4094227106016,0.90119
16.3576579668027,0.90188
16.3062187874513,0.90919
16.2551021108128,0.92306
16.204304913424,0.933
16.1538242094973,0.92223
16.1036570503357,0.91109
16.0538005237585,0.91244
16.0042517535379,0.90899
15.9550078988458,0.90004
15.9060661537109,0.8975
15.8574237464857,0.9036
15.8090779393234,0.9149
15.7610260276638,0.92416
15.7132653397296,0.92518
15.6657932360306,0.92702
15.6186071088777,0.93401
15.5717043819056,0.93707
15.5250825096035,0.93852
15.4787392164461,0.9383
15.4326715366519,0.93772
15.386877255572,0.93789
15.3413539465902,0.9421
15.2960992117232,0.9487
15.2511106811992,0.95251
15.2063860130445,0.951
15.1619228926766,0.94337
15.1177190325053,0.93813
15.0737721715404,0.93915
15.0300800750061,0.94058
14.986640533962,0.94015
14.9434513649311,0.93942
14.9005104095338,0.9398
14.8578155341284,0.93874
14.8153646294577,0.94075
14.7731556103016,0.94646
14.7311864151356,0.94944
14.6894550057954,0.9497
14.6479593671466,0.94927
14.6066975067609,0.94798
14.5656674545964,0.94733
14.5248672626849,0.94695
14.4842950048229,0.94489
14.4439487762689,0.94244
14.4038266934453,0.93853
14.363926893645,0.93303
14.3242475347433,0.93243
14.2847867949145,0.93572
14.245542872353,0.93912
14.2065139849989,0.94009
14.1676983702684,0.93566
14.1290942847884,0.92874
14.0907000041356,0.93003
14.0525138225796,0.93785
14.0145340528302,0.94221
13.9767590257891,0.94205
13.9391870903055,0.9394
13.901816612935,0.93823
13.8646459777033,0.93716
13.8276735858732,0.93516
13.7908978557154,0.93855
13.7543172222826,0.94737
13.7179301371882,0.95061
13.6817350683871,0.94552
13.6457304999611,0.93911
13.6099149319072,0.93162
13.5742868799291,0.92457
13.5388448752324,0.925
13.5035874643227,0.92893
13.4685132088066,0.92793
13.4336206851966,0.92624
13.3989084847181,0.93045
13.36437521312,0.93486
13.330019490488,0.93423
13.2958399510607,0.93129
13.2618352430487,0.93103
13.2280040284563,0.93532
13.1943449829064,0.94105
13.1608567954669,0.9436
13.1275381684813,0.94007
13.0943878174006,0.93264
13.0614044706183,0.92762
13.0285868693081,0.92732
12.9959337672632,0.92887
12.9634439307392,0.93088
12.931116138298,0.93312
12.8989491806555,0.93431
12.8669418605302,0.9341
12.8350929924949,0.93183
12.8034014028303,0.93012
12.7718659293809,0.93269
12.7404854214129,0.93611
12.7092587394741,0.93545
12.6781849159926,0.93105
12.6472625114119,0.93138
12.6164905808309,0.93727
12.585868028565,0.93638
12.5553937695415,0.92788
12.5250667291718,0.92245
12.4948858432244,0.92547
12.464850057701,0.9315
12.4349583287137,0.93154
12.4052096223638,0.92697
12.3756029146228,0.92185
12.3461371912148,0.9182
12.3168114475007,0.91743
12.2876246883643,0.91642
12.2585759280992,0.91331
12.2296641902983,0.91174
12.200888507744,0.91195
12.1722479223007,0.91494
12.1437414848085,0.91752
12.1153682549777,0.91591
12.0871273012863,0.9123
12.0590177008774,0.90933
12.0310385394589,0.90774
12.0031889112044,0.90719
11.9754679186555,0.90453
11.9478746726252,0.90045
11.920408292103,0.89978
11.893067904161,0.90168
11.8658526438615,0.90289
11.8387616541658,0.90311
11.8117940858442,0.90121
11.7849490973872,0.89838
11.7582258549183,0.8981
11.731623532107,0.89692
11.7051413100844,0.89144
11.6787783773585,0.88613
11.6525339297318,0.88399
11.6264071702192,0.88129
11.6003973089677,0.87708
11.5745035631762,0.87659
11.5487251570176,0.87923
11.523061321561,0.87826
11.4975112946952,0.8725
11.4720743210534,0.86564
11.4467496519387,0.85982
11.4215365452506,0.85808
11.3964342654127,0.86015
11.371442083301,0.85857
11.346559276173,0.85179
11.3217851275989,0.84606
11.2971189273919,0.84611
11.2725599715408,0.84992
11.2481075621432,0.85282
11.2237610073388,0.85358
11.1995196212448,0.85298
11.1753827238909,0.85151
11.1513496411563,0.85062
11.1274197047063,0.84837
11.1035922519311,0.842
11.0798666258839,0.83772
11.056242175221,0.83891
11.0327182541421,0.83895
11.0092942223312,0.83689
10.985969444899,0.83642
10.9627432923249,0.836
10.9396151404011,0.83377
10.916584370176,0.83143
10.8936503678993,0.83126
10.8708125249675,0.83195
10.8480702378702,0.83201
10.8254229081364,0.8325
10.8028699422826,0.83396
10.7804107517607,0.83574
10.7580447529068,0.83471
10.7357714821472,0.83092
10.7135901344462,0.82993
10.6915002562271,0.83088
10.6695012828635,0.82972
10.6475926543664,0.82919
10.625773815337,0.83009
10.6040442149197,0.82944
10.5824033067555,0.82843
10.5608505489366,0.82834
10.5393854039609,0.82927
10.5180073386872,0.83311
10.4967158242914,0.8369
10.4755103362227,0.83603
10.4543903541606,0.83333
10.4333553619721,0.83358
10.41240484767,0.83707
10.3915383033713,0.83977
10.3707552252558,0.83842
10.350055113526,0.83602
10.3294374723668,0.83594
10.3089018099061,0.83687
10.2884476381752,0.83562
10.2680744730709,0.83208
10.2477818343167,0.83038
10.2275692454252,0.83251
10.207436233661,0.83532
10.1873823300037,0.83627
10.1674070691114,0.83582
10.1475099892849,0.83712
10.127690632432,0.841
10.1079485440324,0.84308
10.0882832731028,0.8435
10.0686943721627,0.84643
10.0491813972006,0.84982
10.0297439076402,0.84858
10.0103814663073,0.84459
9.99109363939703,0.84212
9.97187999644163,0.8411
9.95274011027815,0.84069
9.93367355701695,0.84067
9.91467991601037,0.84002
9.89575876982181,0.83973
9.87690970419515,0.83965
9.85813230802448,0.83772
9.83942617332427,0.836
9.82079089519976,0.83844
9.80222607181779,0.8431
9.78373130437792,0.84246
9.76530619708382,0.83487
9.7469503571151,0.82826
9.72866339459936,0.82773
9.7104449225846,0.8291
9.69229455701189,0.82871
9.67421191668843,0.82984
9.65619662326087,0.83403
9.63824830118886,0.83809
9.620366577719,0.8411
9.60255108285904,0.84308
9.58480144935233,0.84344
9.56711731265262,0.84334
9.54949831089906,0.84355
9.53194408489157,0.84399
9.51445427806638,0.84301
9.49702853647191,0.84003
9.4796665087449,0.83779
9.46236784608679,0.83928
9.44513220224034,0.84293
9.42795923346656,0.8438
9.41084859852184,0.8427
9.39379995863534,0.8457
9.37681297748666,0.85242
9.35988732118368,0.85662
9.34302265824074,0.85797
9.32621865955695,0.86041
9.30947499839481,0.86369
9.29279143671499,0.86734
9.27616747942282,0.86975
9.25960289341108,0.86664
9.24309736118628,0.86168
9.22665056751467,0.86341
9.21026219940214,0.8693
9.19393194607443,0.87102
9.17765949895743,0.86914
9.16144455165778,0.87024
9.14528679994361,0.87454
9.12918594172556,0.87676
9.11314167703788,0.87604
9.09715370801986,0.87443
9.0812217388974,0.87245
9.06534547596472,0.87077
9.04952462756636,0.87043
9.0337589040793,0.87264
9.01804801789527,0.87734
9.00239168340331,0.88224
8.98678961697242,0.88486
8.97124153693444,0.88341
8.9557471635671,0.88302
8.94030621907727,0.88803
8.92491842758431,0.89228
8.90958351510369,0.89213
8.89430120953068,0.89209
8.87907124062432,0.8954
8.86389333999142,0.90031
8.84876724107082,0.90391
8.83369267911783,0.90527
8.8186693911887,0.90619
8.8036971161254,0.90825
8.78877559454046,0.91013
8.77390456880198,0.91246
8.75908378301886,0.91561
8.74431298302601,0.91701
8.72959191636995,0.91641
8.71492033229434,0.91771
8.70029798172576,0.92083
8.68572461725964,0.9225
8.67119999314628,0.92337
8.65672386527707,0.9244
8.64229599117075,0.92433
8.62791612995995,0.9226
8.61358404237773,0.923
8.59929949074432,0.92649
8.58506223895401,0.92898
8.5708720524621,0.92962
8.55672869827205,0.93086
8.54263194492271,0.93293
8.52858156247571,0.93401
8.51457732250295,0.93225
8.5006189980742,0.92806
8.48670636374489,0.92627
8.47283919554391,0.92914
8.45901727096166,0.93304
8.4452403689381,0.9363
8.43150826985096,0.93865
8.41782075550413,0.93845
8.40417760911602,0.93748
8.39057861530818,0.93969
8.37702356009394,0.94296
8.36351223086719,0.94361
8.35004441639126,0.94358
8.33661990678792,0.94556
8.32323849352646,0.94851
8.30989996941292,0.95074
8.29660412857938,0.95169
8.28335076647336,0.95169
8.27013967984734,0.95062
8.2569706667484,0.94848
8.24384352650786,0.94699
8.23075805973114,0.94825
8.21771406828766,0.95039
8.20471142261811,0.95008
8.19174979224289,0.95013
8.17882905029457,0.9525
8.16594900359948,0.95269
8.15310946019885,0.94991
8.14031022933932,0.94715
8.12755112146348,0.94574
8.1148319482005,0.94579
8.10215252235686,0.94826
8.08951265790719,0.953
8.07691216998514,0.95732
8.06435087487441,0.95862
8.05182858999977,0.95661
8.03934513391825,0.95313
8.02690032631036,0.95171
8.01449398797141,0.95324
8.00212594080295,0.95472
7.98979600780414,0.95482
7.97750401306345,0.95504
7.96524978175016,0.95634
7.95303314010617,0.95961
7.94085391543774,0.96268
7.92871193610733,0.96171
7.91660703152561,0.95811
7.90453903214342,0.9565
7.89250776944384,0.95644
7.88051307593439,0.95492
7.86855478513924,0.95339
7.85663273159148,0.95422
7.84474675082553,0.95691
7.83289667936956,0.95891
7.821082354738,0.95794
7.8093036154241,0.95531
7.79756030089257,0.95382
7.78585225157232,0.95482
7.77417930884918,0.95532
7.7625413150588,0.95382
7.75093811347949,0.95341
7.73936954832521,0.9539
7.72783546473862,0.95276
7.71633570878413,0.95016
7.70487012744109,0.94834
7.69343856859698,0.94917
7.68204088104067,0.95127
7.67067691445579,0.9526
7.6593465194141,0.95378
7.64804954736893,0.95575
7.63678585064871,0.9576
7.62555528245053,0.95769
7.61435769683375,0.95588
7.6031929487137,0.95431
7.59206089385539,0.95345
7.5809613888673,0.9525
7.56989429119526,0.95123
7.55885945911629,0.95128
7.5478567517326,0.954
7.53688602896556,0.95646
7.52594715154979,0.95568
7.51503998102723,0.95335
7.5041643797413,0.95205
7.49332021083116,0.95238
7.48250733822589,0.95319
7.47172562663887,0.95296
7.4609749415621,0.95314
7.45025514926061,0.95412
7.43956611676692,0.95395
7.42890771187555,0.95247
7.41827980313755,0.95076
7.40768225985511,0.94955
7.3971149520762,0.94875
7.38657775058926,0.94897
7.37607052691793,0.95116
7.36559315331583,0.95366
7.35514550276138,0.95364
7.34472750289768,0.95124
7.33433892009487,0.95096
7.32397968357332,0.95257
7.31364966915974,0.95197
7.30334875338045,0.95005
7.29307681345637,0.94849
7.28283372729822,0.94729
7.27261937350166,0.94816
7.26243363134246,0.95152
7.25227638077178,0.95572
7.24214750241145,0.9575
7.2320468775493,0.95515
7.22197438813447,0.9531
7.21192991677289,0.95418
7.20191334672265,0.95452
7.19192456188953,0.95138
7.18196344682248,0.94783
7.17202988670918,0.94704
7.16212376737164,0.94815
7.15224497526182,0.94884
7.14239339745727,0.94905
7.13256892165686,0.94815
7.12277143617651,0.94684
7.11300082994494,0.94774
7.10325699249946,0.95003
7.09353981398185,0.95137
7.0838491851342,0.9529
7.07418499729483,0.95416
7.06454714239421,0.95275
7.05493551295096,0.94885
7.04535000206781,0.94537
7.0357905034277,0.94438
7.02625691128978,0.94494
7.01674912048558,0.94707
7.00726702641508,0.94974
6.99781052504293,0.95021
6.98837951289457,0.94818
6.97897388705257,0.94545
6.96959354515276,0.94359
6.9602383853806,0.94418
6.95090830646749,0.9459
6.94160320768708,0.94586
6.93232298885165,0.94548
6.92306755030855,0.94656
6.9138367929366,0.94715
6.90463061814258,0.94757
6.89544892785768,0.9493
6.88629162453404,0.94936
6.87715861114131,0.94569
6.86804979116321,0.94133
6.85896506859411,0.9404
6.84990434793569,0.94386
6.84086753419356,0.94797
6.831854532874,0.94821
6.82286524998057,0.94578
6.81389959201095,0.94529
6.80495746595361,0.94513
6.79603877928464,0.94382
6.78714343996456,0.94361
6.77827135643513,0.94485
6.76942243761622,0.94586
6.7605965929027,0.94643
6.75179373216134,0.9465
6.74301376572774,0.94541
6.7342566044033,0.94393
6.72552215945218,0.94324
6.7168103425983,0.94376
6.7081210660224,0.94473
6.69945424235905,0.9452
6.69080978469376,0.94528
6.68218760656001,0.94458
6.67358762193646,0.94331
6.665009745244,0.94355
6.65645389134298,0.94569
6.64792001972518,0.94796
6.63940795761859,0.94814
6.6309176654934,0.94659
6.62244905993971,0.94571
6.6140020579732,0.94528
6.60557657703236,0.94598
6.59717253497588,0.94798
6.58878985007993,0.94812
6.5804284410355,0.94659
6.57208822694583,0.94666
6.56376912732372,0.94906
6.55547106208904,0.95178
6.54719395156605,0.95286
6.53893771648093,0.95167
6.53070227795924,0.94883
6.52248755752337,0.94737
6.51429347709007,0.94838
6.50611995896798,0.94697
6.49796692585519,0.94351
6.48983430083675,0.94417
6.4817220073823,0.94613
6.47362996934367,0.94578
6.46555811095246,0.94586
6.45750635681769,0.94786
6.44947463192348,0.94962
6.4414628616267,0.94889
6.43347097165465,0.94708
6.42549888810276,0.94581
6.41754653743234,0.94573
6.4096138464683,0.948
6.40170074239691,0.94925
6.39380715276357,0.94827
6.38593300547059,0.94801
6.37807822877502,0.94873
6.37024275128644,0.94708
6.36242650196482,0.94423
6.35462941011837,0.94333
6.3468514054014,0.94295
6.33909241781219,0.94224
6.33135237769095,0.94398
6.32363121571766,0.94797
6.31592886291004,0.95089
6.30824525062151,0.95072
6.3005803105391,0.94871
6.29293397468147,0.94768
6.28530617539691,0.94847
6.27769684536129,0.94945
6.27010591757611,0.94914
6.26253332536656,0.94827
6.25497900237951,0.94858
6.24744288258164,0.94992
6.23992490025745,0.95126
6.2324249900074,0.95143
6.22494308674597,0.95052
6.21747912569983,0.95137
6.21003304240591,0.95336
6.20260477270961,0.95327
6.1951942527629,0.95118
6.18780141902251,0.94877
6.18042620824814,0.94776
6.17306855750061,0.94864
6.16572840414012,0.94956
6.15840568582441,0.94824
6.15110034050708,0.9459
6.14381230643574,0.94557
6.13654152215035,0.9468
6.12928792648145,0.94872
6.12205145854846,0.95155
6.11483205775796,0.95252
6.10762966380204,0.94987
6.10044421665657,0.94761
6.09327565657955,0.94798
6.08612392410947,0.94843
6.07898896006365,0.94579
6.07187070553662,0.94134
6.06476913867991,0.93917
6.05768412748886,0.94099
6.05061565074752,0.9453
6.04356365064315,0.9476
6.03652806963217,0.94765
6.02950885043868,0.94784
6.02250593605286,0.94811
6.01551926972944,0.94868
6.00854879498614,0.94956
6.00159445560221,0.94947
5.99465619561685,0.94915
5.98773395932777,0.94993
5.98082769128963,0.94987
5.97393733631262,0.94736
5.96706283946098,0.94509
5.96020414605151,0.94622
5.95336120165214,0.94748
5.9465339520805,0.94597
5.93972234340246,0.94366
5.93292632193074,0.9423
5.92614583422349,0.9405
5.91938082708288,0.93996
5.91263124755372,0.94224
5.90589704292208,0.94405
5.89917816071388,0.94444
5.89247454869361,0.94557
5.88578615486287,0.94574
5.87911292745913,0.94454
5.87245481495431,0.94423
5.8658117660535,0.94436
5.85918372969364,0.94478
5.85257065504218,0.9455
5.84597249149583,0.94466
5.83938918867924,0.94196
5.83282069644369,0.93963
5.82626696486589,0.93937
5.81972794424663,0.94048
5.81320358510961,0.94185
5.80669383820012,0.94294
5.80019865448384,0.94314
5.79371798514558,0.94269
5.7872517815881,0.94131
5.78079999543086,0.93912
5.77436257850881,0.93797
5.76793948287123,0.93892
5.7615306607805,0.94106
5.75513606471093,0.9427
5.7487556473476,0.9436
5.74238936158515,0.94458
5.73603716052669,0.94519
5.72969899748259,0.94466
5.72337482596934,0.9426
5.71706459970846,0.93975
5.71076827262532,0.93948
5.70448579884803,0.94184
5.69821713270637,0.94312
5.69196222873061,0.94316
5.68572104165048,0.94315
5.67949352639401,0.94203
5.67327963808651,0.93951
5.66707933204947,0.93771
5.66089256379945,0.93844
5.65471928904707,0.94083
5.64855946369594,0.94206
5.64241304384158,0.94111
5.63627998577042,0.94029
5.63016024595873,0.94165
5.6240537810716,0.94395
5.61796054796194,0.94539
5.61188050366942,0.94411
5.60581360541949,0.94126
5.59975981062239,0.93984
5.59371907687212,0.93946
5.58769136194546,0.93799
5.5816766549561,0.93665
5.57567485166628,0.93836
5.56968594161754,0.94118
5.56370988330803,0.94179
5.55774663541383,0.94106
5.55179615678799,0.94133
5.54585840645959,0.94317
5.53993334363281,0.94489
5.53402092768597,0.94466
5.52812111817063,0.9426
5.52223387481064,0.94044
5.51635915750125,0.94012
5.51049692630818,0.94166
5.50464714146674,0.94375
5.49880976338088,0.94483
5.49298475262236,0.94371
5.48717206992982,0.94175
5.4813716762079,0.94065
5.47558353252639,0.93918
5.46980760011934,0.93697
5.4640438403842,0.9365
5.45829221488093,0.93829
5.45255268533122,0.9402
5.44682521361754,0.94136
5.44110976178239,0.94285
5.43540629202741,0.94453
5.42971476671255,0.94364
5.42403514835525,0.94082
5.41836739962963,0.93979
5.41271148336565,0.93954
5.40706736254831,0.93874
5.40143500031682,0.93901
5.39581435996385,0.94003
5.39020540493468,0.9395
5.38460809882643,0.93771
5.37902240538726,0.93762
5.37344828851561,0.9393
5.36788571225941,0.93956
5.3623346408153,0.93831
5.35679503852786,0.93872
5.35126686988887,0.94098
5.34575009953653,0.94224
5.3402446922547,0.94174
5.33475061297218,0.94022
5.32926782676194,0.93863
5.32379629884038,0.93816
5.31833599456662,0.93766
5.31288687944173,0.93666
5.30744891910804,0.93716
5.3020220793484,0.93829
5.29660632608545,0.93849
5.29120162538095,0.93937
5.285807943435,0.94068
5.28042524658543,0.9396
5.275053501307,0.93792
5.26969267421078,0.93852
5.26434273204342,0.93908
5.25900364168647,0.9373
5.25367537015571,0.93446
5.24835788460044,0.93325
5.24305115230284,0.93435
5.23775514067728,0.93596
5.23246981726965,0.93719
5.22719514975671,0.93859
5.22193110594543,0.93957
5.21667765377231,0.94034
5.21143476130276,0.94182
5.20620239673046,0.94284
5.20098052837666,0.94214
5.19576912468961,0.94006
5.19056815424388,0.93818
5.18537758573974,0.93793
5.18019738800254,0.93884
5.17502752998208,0.94047
5.16986800747952,0.94272
5.16471873618341,0.94296
5.1595797121941,0.94005
5.15445090495303,0.93719
5.149332284023,0.93777
5.14422381908761,0.94149
5.13912547995064,0.94432
5.13403723653546,0.94388
5.12895905888443,0.94174
5.12389091715834,0.94001
5.11883278163577,0.93898
5.11378462271259,0.93799
5.1087464109013,0.93669
5.1037181168305,0.93594
5.09869971124432,0.93643
5.09369116500184,0.93739
5.08869244907654,0.93838
5.08370353455571,0.93942
5.07872439263992,0.93997
5.07375499464247,0.9396
5.06879531198881,0.93849
5.06384531621602,0.93788
5.05890497897226,0.93813
5.0539742720162,0.93936
5.04905316721652,0.94057
5.04414163655138,0.94018
5.03923965210783,0.94027
5.03434718608134,0.94199
5.02946421077527,0.94263
5.0245906986003,0.94125
5.01972662207396,0.93854
5.01487195382009,0.93543
5.01002666656834,0.93389
5.00519073315363,0.9358
5.00036412651569,0.94029
4.99554681969852,0.94329
4.99073878584987,0.94311
4.98593999822082,0.94204
4.98115043016518,0.94176
4.97637005513908,0.94151
4.97159884670043,0.94042
4.96683677850847,0.93919
4.96208382432326,0.93916
4.95733995800518,0.94047
4.95260515351452,0.94154
4.94787938491091,0.94081
4.94316262635292,0.93929
4.93845485209757,0.93923
4.93375603649985,0.94045
4.92906615401224,0.94062
4.92438517918429,0.93966
4.91971308666213,0.93848
4.91504985118802,0.93723
4.91039544759988,0.93669
4.90574985083086,0.93715
4.9011130359089,0.93759
4.89648497795622,0.93783
4.89186565218896,0.93825
4.88725503391667,0.93811
4.88265309854191,0.93731
4.87805982155979,0.93666
4.87347517855755,0.93692
4.86889914521412,0.93873
4.86433169729968,0.94005
4.85977281067527,0.93856
4.8552224612923,0.93649
4.8506806251922,0.93698
4.84614727850594,0.93929
4.84162239745366,0.94087
4.83710595834422,0.94024
4.83259793757478,0.93762
4.82809831163044,0.93626
4.82360705708376,0.93806
4.81912415059443,0.93976
4.81464959208965,0.93847
4.81018331199736,0.93597
4.80572531046007,0.93452
4.80127556448177,0.93441
4.79683405115157,0.93534
4.79240074764327,0.93601
4.78797563121499,0.93598
4.78355867920874,0.93701
4.7791498690501,0.93857
4.77474917824776,0.9386
4.7703565843932,0.93712
4.76597206516028,0.93462
4.76159559830484,0.93337
4.7572271616644,0.93566
4.75286673315769,0.93876
4.74851429078434,0.93947
4.74416981262451,0.93898
4.73983327683847,0.93854
4.7355046616663,0.93728
4.7311839454275,0.93497
4.72687110652058,0.93318
4.7225661234228,0.93326
4.71826897468972,0.93403
4.71397963895488,0.93384
4.70969809492948,0.93328
4.70542432140194,0.93341
4.70115829723764,0.93346
4.69690000137854,0.93248
4.6926494128428,0.93185
4.68840651072448,0.93283
4.68417127419319,0.93397
4.67994368249371,0.93435
4.67572371494572,0.93526
4.67151135094339,0.93701
4.6673065699551,0.93768
4.66310935152307,0.93728
4.65891967526305,0.93755
4.65473752086399,0.93802
4.65056286808769,0.93711
4.6463956967685,0.93492
4.64223598681299,0.93299
4.63808371819959,0.93259
4.63393887097833,0.93354
4.62980142527048,0.93428
4.62567136126824,0.93462
4.62154865923443,0.9356
4.61743329950217,0.93571
4.61332526247456,0.93476
4.6092245286244,0.9355
4.60513107849384,0.93683
4.60104489269409,0.93521
4.59696595190512,0.93249
4.59289423687535,0.93271
4.58882972842135,0.93481
4.58477240742754,0.93556
4.58072225484587,0.93564
4.57667925169555,0.93633
4.57264337906274,0.93649
4.56861461810025,0.93687
4.56459295002727,0.93768
4.56057835612904,0.93671
4.5565708177566,0.93439
4.55257031632647,0.93349
4.54857683332038,0.93503
4.54459035028498,0.93663
4.54061084883155,0.93604
4.53663831063574,0.93433
4.53267271743724,0.93392
4.52871405103956,0.93508
4.52476229330971,0.93538
4.52081742617793,0.93377
4.51687943163745,0.93245
4.51294829174415,0.93292
4.50902398861634,0.93321
4.50510650443448,0.93168
4.50119584170166,0.9298
4.49729194216515,0.93013
4.49339480848621,0.93225
4.48950442309118,0.93358
4.48562076846722,0.93352
4.48174382716202,0.93351
4.47787358178355,0.93346
4.47401001499983,0.93206
4.47015310953863,0.93073
4.46630284818723,0.93147
4.46245921379216,0.93316
4.45862218925893,0.93334
4.45479175755184,0.93221
4.45096790169364,0.93258
4.44715060476534,0.93404
4.44333984990594,0.93358
4.43953562031216,0.93156
4.43573789923826,0.93041
4.43194666999571,0.93057
4.42816191595301,0.93094
4.42438362053541,0.93141
4.42061176722469,0.93228
4.41684633955891,0.93285
4.41308732113216,0.93287
4.40933469559435,0.93287
4.40558844665093,0.93307
4.4018485580627,0.93318
4.39811501364555,0.93306
4.39438779727023,0.9336
4.39066689286212,0.93405
4.38695228440099,0.93273
4.3832439559208,0.93118
4.37954189150943,0.93113
4.37584607530847,0.93164
4.37215649151301,0.93172
4.36847312437138,0.93165
4.36479595818498,0.93178
4.36112497730798,0.93257
4.35746016614717,0.93377
4.3538015091617,0.93296
4.35014899086288,0.93045
4.34650259581393,0.93016
4.34286230862982,0.93229
4.33922811397698,0.93284
4.33559999657314,0.92983
4.33197794118711,0.92643
4.32836193263853,0.92678
4.32475195579771,0.92973
4.32114799558538,0.93096
4.31755003697248,0.93009
4.31395806497998,0.92884
4.31037206467865,0.92775
4.30679202118887,0.92718
4.30321791968039,0.92615
4.29964974537216,0.92464
4.29608748353213,0.92383
4.29253111947701,0.92335
4.28898063857209,0.92335
4.28543602623105,0.92326
4.28189726791575,0.92204
4.27836434913603,0.92065
4.27483725544949,0.91989
4.27131597246136,0.92002
4.26780048582421,0.9213
4.26429078123786,0.92306
4.26078684444908,0.92375
4.25728866125147,0.92278
4.25379621748527,0.92119
4.2503094990371,0.92006
4.24682849183985,0.91927
4.24335318187244,0.91771
4.23988355515966,0.91554
4.23641959777196,0.91497
4.23296129582527,0.91707
4.22950865336957,0.92027
4.22606162080459,0.92179
4.22262020229957,0.9204
4.21918438415053,0.91759
4.21575415269806,0.91638
4.21232949432716,0.91757
4.20891039546699,0.91922
4.20549684259077,0.91996
4.20208882221556,0.92161
4.19868632090208,0.92611
4.19528932525454,0.93032
4.19189782192049,0.93107
4.1885117975906,0.93046
4.18513123899852,0.93082
4.18175613292068,0.93144
4.17838646617615,0.93101
4.17502222562644,0.93107
4.17166339817535,0.93226
4.16830997076877,0.93196
4.16496193039455,0.93068
4.16161926408231,0.93019
4.15828195890326,0.92919
4.15495000197007,0.9275
4.15162338043667,0.92707
4.1483020814981,0.92811
4.14498609239034,0.9291
4.14167540039015,0.9293
4.13836999281492,0.92893
4.13506985702247,0.92869
4.13177498041094,0.92942
4.12848535041859,0.93086
4.12520095452365,0.93154
4.12192178024417,0.9316
4.11864781513785,0.93223
4.11537904680191,0.93183
4.1121154628729,0.93009
4.10885705102654,0.92877
4.1056037989776,0.92793
4.10235569447973,0.92847
4.09911272532531,0.9309
4.09587487934525,0.93311
4.09264214440894,0.93408
4.08941450842398,0.93408
4.08619195933611,0.93317
4.08297448512906,0.93207
4.07976207382433,0.93209
4.07655471348113,0.93312
4.07335239219615,0.93322
4.0701550981035,0.93155
4.06696281937447,0.93031
4.06377554421747,0.93078
4.06059326087781,0.93198
4.05741595763762,0.93332
4.05424362281567,0.93321
4.05107624476721,0.93082
4.04791381188388,0.92995
4.04475631259354,0.93193
4.0416037353601,0.93333
4.03845606868344,0.9331
4.03531330109922,0.93216
4.03217542117877,0.93163
4.02904241752892,0.93261
4.0259142787919,0.93326
4.02279099364518,0.9318
4.01967255080136,0.92947
4.01655893900796,0.9277
4.0134501470474,0.92877
4.01034616373675,0.93231
4.00724697792768,0.93415
4.00415257850629,0.93376
4.00106295439297,0.93355
3.99797809454229,0.93329
3.99489798794286,0.93157
3.9918226236172,0.92965
3.98875200653172,0.92903
3.98568609393165,0.92936
3.98262489087508,0.92966
3.97956838651886,0.92942
3.97651657005309,0.92943
3.97346943070101,0.93006
3.97042695771887,0.93066
3.96738914039579,0.9302
3.96435596805367,0.92833
3.961327430047,0.92648
3.95830351576281,0.92621
3.95528421462049,0.92634
3.95226951607171,0.9265
3.94925940960025,0.92854
3.94625388472192,0.93163
3.94325293098441,0.93288
3.9402565379672,0.93202
3.93726469528138,0.9306
3.93427739256962,0.92932
3.93129461950595,0.92904
3.92831636579574,0.93091
3.92534262117548,0.93308
3.92237337541276,0.93349
3.91940861830609,0.93405
3.91644833968478,0.93552
3.91349252940888,0.93564
3.910541177369,0.9334
3.90759427348624,0.9302
3.90465180771205,0.92817
3.90171377002812,0.92782
3.89878015044628,0.92866
3.89585093900838,0.93041
3.89292612578616,0.93096
3.89000570088115,0.92975
3.88708965442459,0.92789
3.88417797657726,0.92729
3.8812706575294,0.92857
3.87836768750062,0.93014
3.87546905673974,0.93039
3.87257475552474,0.93007
3.8696847741626,0.9309
3.86679910298922,0.93194
3.86391773236931,0.93182
3.86104065269626,0.93154
3.85816785439207,0.93187
3.85529932790721,0.93277
3.85243506372055,0.93345
3.84957505233921,0.93196
3.84671928429849,0.92999
3.84386775016176,0.9296
3.84102044052034,0.92864
3.8381773459934,0.92721
3.8353384572279,0.9281
3.8325037648984,0.93081
3.82967325970705,0.9327
3.82684693238343,0.93319
3.82402477368446,0.93374
3.82120677439433,0.93484
3.81839292532435,0.93555
3.81558321731289,0.93498
3.81277764122526,0.93304
3.80997618795362,0.93081
3.80717884841688,0.92939
3.80438561356058,0.9297
3.80159647435685,0.93241
3.79881142180425,0.93545
3.79603044692769,0.93556
3.79325354077838,0.93277
3.79048069443365,0.9299
3.78771189899693,0.9287
3.78494714559763,0.92936
3.78218642539101,0.93117
3.77942972955814,0.93233
3.77667704930579,0.93151
3.77392839010883,0.93038
3.77118371471937,0.93115
3.76844302868395,0.93151
3.76570632331117,0.9297
3.76297358993487,0.92895
3.760244819914,0.93038
3.75752000463257,0.93116
3.75479913549955,0.93085
3.75208220394877,0.93162
3.74936920143884,0.93345
3.74666011945304,0.93382
3.74395494949927,0.93159
3.74125368310992,0.92923
3.73855631184182,0.92815
3.73586282727611,0.92721
3.73317322101818,0.92728
3.73048748469759,0.92967
3.72780560996795,0.93171
3.72512758850688,0.93159
3.72245341201587,0.93145
3.71978307222025,0.93191
3.71711656086904,0.93147
3.71445386973494,0.93041
3.71179499061419,0.92974
3.70913991532649,0.9287
3.70648863571496,0.9276
3.70384114364599,0.92864
3.70119743100923,0.93041
3.69855748971743,0.93072
3.69592131170642,0.93059
3.69328888893501,0.93088
3.69066021338489,0.93021
3.68803527706057,0.92927
3.68541407198928,0.93128
3.68279659022091,0.9349
3.68018282382791,0.93683
3.67757276490523,0.93645
3.67496640557023,0.93488
3.67236373796258,0.93481
3.66976475424424,0.93693
3.6671694465993,0.9382
3.66457780723398,0.93667
3.66198982837649,0.93378
3.65940550227699,0.93237
3.6568248212075,0.93258
3.65424777746184,0.93226
3.6516743633555,0.93191
3.64910457122563,0.93309
3.64653839343094,0.93408
3.6439758223516,0.93302
3.6414168503892,0.93099
3.63886146996663,0.93077
3.63630967352808,0.93267
3.63376145353888,0.93457
3.63121680248549,0.93567
3.62867571287539,0.93583
3.62613817723701,0.93429
3.62360418811969,0.93226
3.62107373809355,0.93193
3.61854681974948,0.93381
3.61602342569902,0.93487
3.61350354857431,0.9336
3.61098718102801,0.93273
3.60847431573323,0.9328
3.60596494538346,0.93281
3.60345906269252,0.93512
3.60095666039444,0.93853
3.59845773124343,0.93784
3.59596226801382,0.93365
3.59347026349994,0.93195
3.59098171051609,0.93408
3.58849660189647,0.93562
3.58601493049509,0.93463
3.58353668918572,0.93301
3.58106187086182,0.93226
3.57859048124276,0.93302
3.57612248763091,0.93334
3.57365789580236,0.93216
3.57119669872863,0.9312
3.56873888940061,0.93286
3.56628446082843,0.93623
3.56383340604147,0.93746
3.56138571808826,0.93553
3.55894139003638,0.93356
3.55650041497247,0.93416
3.5540627860021,0.93626
3.55162849624973,0.9366
3.54919753885866,0.93536
3.54676990699092,0.93459
3.54434559382728,0.93336
3.5419245925671,0.93166
3.53950689642833,0.9317
3.53709249864742,0.93316
3.53468139247925,0.93409
3.53227357119711,0.93396
3.52986902809257,0.93325
3.52746775647548,0.93226
3.52506974967387,0.93088
3.5226750010339,0.92897
3.52028350391982,0.928
3.51789525171385,0.92989
3.51551023781618,0.93211
3.51312845564489,0.93144
3.51074989863587,0.93039
3.50837456024279,0.93216
3.50600243393701,0.93462
3.50363351320754,0.93503
3.50126779156099,0.93446
3.49890526252146,0.934
3.49654591963056,0.93323
3.49418975644729,0.93314
3.49183676654798,0.93341
3.48948694352628,0.9322
3.48714028099307,0.93201
3.48479677257638,0.9339
3.48245641192138,0.93453
3.4801191926903,0.93432
3.47778510856237,0.93587
3.47545415323375,0.93895
3.47312632041751,0.94026
3.47080160384354,0.93797
3.46847999725851,0.93446
3.46616149442582,0.93311
3.46384608912552,0.93565
3.46153377515427,0.93911
3.4592245463253,0.93756
3.4569183964683,0.93235
3.45461531942945,0.93065
3.45231530907129,0.93265
3.4500183592727,0.93379
3.44772446392884,0.93178
3.44543361695109,0.92858
3.44314581226702,0.92776
3.44086104382029,0.92971
3.43857930557066,0.93259
3.43630059149386,0.9337
3.43402489558161,0.93295
3.43175221184151,0.9345
3.42948253429705,0.93797
3.42721585698749,0.93945
3.42495217396784,0.93957
3.42269147930882,0.93975
3.42043376709678,0.93908
3.41817903143368,0.93778
3.415927266437,0.93662
3.41367846623973,0.93612
3.41143262499029,0.93695
3.40918973685249,0.93838
3.40694979600547,0.93983
3.40471280823576,0.94045
3.40247874455367,0.93953
3.40024761079136,0.93759
3.39801940118886,0.93611
3.39579411000123,0.93673
3.39357173149861,0.93772
3.39135225996612,0.93676
3.3891356897038,0.93535
3.38692201502663,0.93487
3.38471123026438,0.935
3.38250332976165,0.93602
3.38029830787777,0.9382
3.37809615898677,0.9398
3.37589687747735,0.93925
3.37370045775279,0.93783
3.37150689423093,0.93734
3.36931618134413,0.93776
3.3671283135392,0.9387
3.36494328527738,0.93954
3.36276109103425,0.93959
3.36058172529974,0.93797
3.35840518257804,0.93424
3.35623145738756,0.93113
3.35406054426092,0.93045
3.35189243774486,0.93032
3.3497271324002,0.93167
3.34756462280182,0.93535
3.34540490353861,0.93761
3.34324796921339,0.93755
3.34109381444291,0.93723
3.33894243385778,0.93692
3.33679382210242,0.93669
3.33464797383504,0.93594
3.33250488372759,0.93301
3.33036454646568,0.92982
3.32822695674858,0.92917
3.32609210928917,0.93096
3.32395999881388,0.93403
3.32183062006264,0.93688
3.31970396778886,0.93799
3.31758003675938,0.9362
3.31545882175443,0.93225
3.31334031756757,0.92907
3.31122451900565,0.92757
3.3091114208888,0.92667
3.30700101805034,0.92677
3.30489330533679,0.92909
3.30278827760777,0.93299
3.30068592973601,0.93682
3.29858625660727,0.93866
3.29648925312033,0.9366
3.29439491418693,0.93207
3.29230323473172,0.93006
3.29021420969224,0.9336
3.28812783401888,0.93878
3.28604410267483,0.94019
3.28396301063601,0.93789
3.2818845528911,0.93509
3.27980872444142,0.93373
3.27773552030097,0.93381
3.27566493549631,0.93646
3.27359696506659,0.94193
3.27153160406345,0.94524
3.26946884755104,0.94374
3.26740869060593,0.94158
3.2653511283171,0.94204
3.26329615578589,0.944
3.26124376812597,0.94487
3.25919396046329,0.94277
3.25714672793603,0.93926
3.25510206569461,0.93739
3.25305996890159,0.93694
3.25102043273169,0.93729
3.2489834523717,0.93795
3.24694903356315,0.93823
3.24491715041837,0.93821
3.24288780871611,0.9381
3.24086100369115,0.93773
3.23883673059021,0.93695
3.23681498467184,0.93608
3.23479576120645,0.9362
3.23277905547623,0.93764
3.23076486277514,0.93807
3.22875317840884,0.93621
3.22674399769471,0.93356
3.22473731596174,0.93024
3.22273312855056,0.92819
3.22073143081335,0.93093
3.21873221811386,0.936
3.21673548582732,0.93858
3.21474122934045,0.93746
3.21274944405138,0.93453
3.21076012536965,0.93337
3.20877326871617,0.93469
3.20678886952316,0.93743
3.20480692323415,0.93997
3.20282742530391,0.94027
3.20085037119846,0.93976
3.19887575639497,0.94055
3.19690357638179,0.94167
3.19493382665838,0.94239
3.1929665027353,0.94196
3.19100160013413,0.94037
3.18903911438751,0.9404
3.18707904103902,0.94226
3.18512137564322,0.94252
3.18316611376557,0.93993
3.18121325098241,0.93652
3.17926278288095,0.93465
3.17731470505919,0.93464
3.17536901312592,0.93496
3.1734257027007,0.93419
3.17148476941377,0.93336
3.1695462089061,0.9346
3.16761001682926,0.93585
3.16567618884548,0.93577
3.16374472062755,0.93711
3.16181560785883,0.94026
3.1598888462332,0.94103
3.15796443145502,0.93777
3.15604235923912,0.93445
3.15412262531075,0.93399
3.15220522540556,0.93447
3.15029015526955,0.93433
3.14837741065906,0.93498
3.14646698734074,0.93645
3.14455888109149,0.93773
3.14265308769846,0.94021
3.140749602959,0.94289
3.13884842268064,0.94168
3.13694954268107,0.93666
3.13505295878805,0.93453
3.13315866683948,0.93881
3.13126666268328,0.9437
3.12937694217739,0.94568
3.12748950118976,0.946
3.12560433559829,0.94545
3.12372144129082,0.94351
3.1218408141651,0.93946
3.11996245012873,0.93556
3.11808634509917,0.93546
3.1162124950037,0.93763
3.11434089577937,0.93849
3.11247154337299,0.93665
3.11060443374109,0.93308
3.10873956284991,0.93081
3.10687692667536,0.93187
3.10501652120296,0.93289
3.10315834242786,0.93073
3.10130239597288,0.92915
3.09944865860465,0.93002
3.09759713597656,0.93159
3.09574782412191,0.93463
3.09390071908348,0.94022
3.09205581691346,0.94675
3.09021311367349,0.95068
3.08837260543455,0.94815
3.086534288277,0.94249
3.08469815829053,0.94077
3.08286421157411,0.94208
3.081032444236,0.94278
3.0792028523937,0.94207
3.07737543217391,0.94137
3.07555017971255,0.94193
3.07372709115467,0.94123
3.07190616265448,0.93693
3.07008739037528,0.93419
3.06827077048946,0.93854
3.06645629917847,0.94523
3.06464397263277,0.94785
3.06283378705183,0.94681
3.06102573864411,0.94381
3.05921982362698,0.94141
3.05741603822677,0.94072
3.05561437867869,0.94079
3.05381484122681,0.94257
3.05201742212404,0.94325
3.05022211763214,0.93891
3.04842892402162,0.93333
3.04663783757178,0.93313
3.04484885457064,0.93949
3.04306197131496,0.94663
3.04127718411016,0.94822
3.03949448927035,0.94442
3.03771388311825,0.94131
3.03593536198521,0.94304
3.03415892221116,0.9454
3.0323845601446,0.94426
3.03061227214255,0.94172
3.02884205457054,0.94036
3.02707390380262,0.93986
3.02530781622128,0.93954
3.02354378821742,0.93961
3.02178181619041,0.94006
3.02002189654796,0.94043
3.01826402570617,0.94059
3.01650820008947,0.94022
3.0147544161306,0.93967
3.0130026702706,0.93839
3.01125295895879,0.93495
3.0095052786527,0.93107
3.0077596258181,0.92947
3.00601599692896,0.93043
3.00427438846741,0.93229
3.00253479692372,0.93411
3.00079721879632,0.93564
2.9990616505917,0.93534
2.99732808882445,0.93355
2.99559653001721,0.93371
2.99386697070064,0.93574
2.99213940741343,0.93774
2.99041383670224,0.94032
2.98869025512168,0.94172
2.98696865923433,0.94008
2.98524904561066,0.93839
2.98353141082903,0.93764
2.9818157514757,0.93725
2.98010206414475,0.93905
2.97839034543809,0.94159
2.97668059196544,0.94136
2.97497280034431,0.94065
2.97326696719993,0.94267
2.97156308916531,0.944
2.96986117170123,0.94063
2.96816119380583,0.93571
2.96646316096537,0.93535
2.96476706984356,0.93885
2.96307291711174,0.93886
2.96138069944886,0.93495
2.95969041354144,0.93332
2.95800205608356,0.93533
2.95631562377686,0.93915
2.95463111333047,0.9427
2.95294852146104,0.9431
2.95126784489267,0.9405
2.94958908035694,0.93826
2.94791222459285,0.93862
2.9462372743468,0.94031
2.94456422637261,0.94087
2.94289307743144,0.94121
2.94122382429181,0.94154
2.93955646372957,0.93964
2.93789099252787,0.93702
2.93622740747715,0.93658
2.93456570537513,0.93696
2.93290588302675,0.93603
2.93124793724419,0.93455
2.92959186484682,0.93438
2.92793766266121,0.93591
2.92628532752109,0.93837
2.92463485626733,0.93928
2.92298624574792,0.93728
2.92133949281795,0.93716
2.91969459433962,0.94077
2.91805154718215,0.94205
2.91641034822185,0.93944
2.914770994342,0.93756
2.91313348243294,0.93785
2.91149780939196,0.93835
2.90986397212332,0.93997
2.90823196753822,0.94253
2.90660179255481,0.94393
2.90497344409811,0.94345
2.90334691910006,0.93996
2.90172221449945,0.93645
2.90009932724192,0.93556
2.89847825427994,0.93443
2.89685899257279,0.93363
2.89524153908655,0.93423
2.89362589079405,0.93526
2.8920120446749,0.93797
2.89039999771543,0.94119
2.88878974690868,0.94263
2.88718128925441,0.94287
2.88557462175902,0.9431
2.88396974143562,0.94283
2.88236664530391,0.9402
2.88076533039025,0.93556
2.87916579372759,0.93173
2.87756803235547,0.93107
2.87597204331998,0.93314
2.8743778236738,0.93476
2.8727853704761,0.93555
2.87119468079258,0.93733
2.86960575169544,0.93752
2.86801858026335,0.93604
2.86643316358144,0.9365
2.86484949874129,0.93961
2.8632675828409,0.9415
2.86168741298467,0.93979
2.86010898628339,0.93865
2.85853229985423,0.94115
2.8569573508207,0.94339
2.85538413631266,0.94378
2.85381265346627,0.94373
2.85224289942402,0.94166
2.85067487133465,0.93801
2.84910857447061,0.9357
2.84754398974941,0.93535
2.84598112246492,0.93718
2.84441996979084,0.93964
2.84286052890709,0.9401
2.84130279699978,0.93982
2.83974677126117,0.93971
2.83819244888965,0.93747
2.83663982708978,0.93442
2.83508890307221,0.93453
2.83353967405368,0.93741
2.83199213725703,0.93907
2.83044628991115,0.93927
2.82890212925098,0.93992
2.8273596525175,0.94117
2.82581885695769,0.94184
2.82427973982453,0.94117
2.82274229837699,0.93918
2.82120652988,0.93622
2.81967243160444,0.93484
2.81814000082712,0.93728
2.81660923483078,0.94009
2.81508013090404,0.94023
2.81355268634142,0.94027
2.8120268984433,0.94046
2.81050276451591,0.93858
2.80898028187134,0.9352
2.80745944782747,0.93311
2.80594025970801,0.93448
2.80442271484244,0.93681
2.80290681056603,0.93734
2.80139254421981,0.93738
2.79987991315053,0.93819
2.79836891471068,0.93986
2.79685954625848,0.94248
2.79535180515783,0.94402
2.7938456887783,0.94261
2.79234119449515,0.93972
2.79083831968927,0.93745
2.78933706174721,0.93597
2.7878374180611,0.93617
2.78633938602872,0.93776
2.78484296305342,0.93681
2.78334814654411,0.93522
2.7818549339153,0.93696
2.780363322587,0.93895
2.77887330998478,0.93691
2.77738489353971,0.93465
2.77589807068838,0.9382
2.77441283887285,0.94295
2.77292919554066,0.94154
2.77144713814479,0.93794
2.76996666414369,0.93755
2.76848777100121,0.93623
2.76701045618664,0.93392
2.76553471717464,0.93639
2.76406055144528,0.94001
2.76258795648399,0.93894
2.76111692978155,0.93628
2.75964746883409,0.93619
2.75817957114307,0.9375
2.75671323421525,0.93876
2.7552484555627,0.93908
2.75378523270277,0.93619
2.75232356315809,0.93187
2.75086344445653,0.93128
2.74940487413121,0.93385
2.7479478497205,0.93456
2.74649236876796,0.93335
2.74503842882235,0.93347
2.74358602743764,0.93321
2.74213516217296,0.93088
2.74068583059259,0.92857
2.73923803026598,0.92913
2.7377917662632,0.93012
2.73634702116502,0.93061
2.73490380005967,0.93212
2.73346210053704,0.93274
2.7320219201921,0.9324
2.73058325662488,0.93303
2.72914610744047,0.93403
2.72771047024899,0.93351
2.72627634266561,0.93228
2.72484372231048,0.93239
2.72341260680877,0.93114
2.72198299379063,0.92749
2.7205548808912,0.92313
2.71912826575054,0.921
2.71770314601371,0.92466
2.71627951933065,0.9313
2.71485738335627,0.93613
2.71343673575037,0.93691
2.71201757417763,0.93303
2.71059989630763,0.92655
2.70918369981482,0.92312
2.7077689823785,0.92387
2.70635574168283,0.92769
2.70494397541678,0.93275
2.70353368127415,0.93512
2.70212485695356,0.93548
2.70071750015841,0.93632
2.69931160859688,0.93526
2.69790717998193,0.93031
2.69650421203126,0.92555
2.69510270246734,0.92634
2.69370264901735,0.92855
2.69230404941321,0.92656
2.69090690139153,0.92496
2.68951120269363,0.92455
2.6881169510655,0.92421
2.68672414425781,0.9255
2.68533278002588,0.92568
2.68394285612971,0.92531
2.68255437033388,0.92625
2.68116732040765,0.92598
2.67978170412485,0.92366
2.67839751926393,0.92017
2.67701476360792,0.91652
2.67563343494444,0.91778
2.67425353106564,0.92301
2.67287504976826,0.92382
2.67149798885357,0.91915
2.67012234612735,0.91827
2.66874811939992,0.92154
2.66737530648609,0.92151
2.66600390520518,0.91908
2.66463391338097,0.91833
2.66326532884173,0.91719
2.66189814942019,0.9164
2.66053237295351,0.92059
2.65916799728331,0.92682
2.65780502025561,0.92804
2.65644343972086,0.92481
2.65508325353392,0.92219
2.65372445955402,0.92212
2.65236705564478,0.92186
2.6510110396742,0.9214
2.64965640951462,0.92334
2.64830316304273,0.92619
2.64695129813956,0.92693
2.64560081269047,0.92435
2.64425170458513,0.92041
2.6429039717175,0.91969
2.64155761198585,0.92257
2.64021262329272,0.92642
2.63886900354491,0.92956
2.6375267506535,0.93073
2.63618586253381,0.9283
2.63484633710539,0.92232
2.63350817922739,0.91809
2.63217137295004,0.91975
2.63083592314795,0.9249
2.62950182775752,0.92862
2.62816908471933,0.92944
2.62683769197813,0.93003
2.62550764748284,0.93212
2.62417894918654,0.93318
2.62285159504641,0.92945
2.62152558302382,0.92316
2.62020091108421,0.92262
2.61887757719716,0.92594
2.61755557933634,0.92739
2.61623491547951,0.93124
2.61491558360851,0.93665
2.61359758170925,0.93776
2.61228090777169,0.93621
2.61096555978985,0.93625
2.60965153576179,0.93671
2.60833883368958,0.93526
2.60702745157933,0.93136
2.60571738744115,0.9247
2.60440863928912,0.91978
2.60310120514137,0.92085
2.60179508301994,0.92457
2.60049027095088,0.92774
2.59918676696419,0.92814
2.59788456909381,0.92421
2.59658367537762,0.9189
2.59528408385744,0.91818
2.59398579257899,0.92248
2.5926887995919,0.92552
2.59139310294973,0.92481
2.59009870070988,0.92279
2.58880559093367,0.9228
2.58751377168627,0.92291
2.58622324103671,0.92132
2.58493399705787,0.92233
2.5836460378265,0.92629
2.58235936142312,0.92771
2.58107396593214,0.92732
2.57978984944174,0.92776
2.5785070100439,0.92712
2.57722544583442,0.92537
2.57594515491287,0.92506
2.57466613538259,0.92459
2.5733883853507,0.9222
2.57211190292804,0.91988
2.57083668622925,0.91969
2.56956273337267,0.92245
2.56829004248036,0.92533
2.56701861167814,0.92419
2.56574843909551,0.92152
2.56447952286566,0.92072
2.5632118611255,0.92099
2.5619454520156,0.92138
2.56068029368022,0.923
2.55941638426727,0.92552
2.55815372192833,0.9265
2.5568923048186,0.92653
2.55563213109694,0.92737
2.55437319892583,0.92799
2.55311550647137,0.92679
2.55185905190326,0.92348
2.55060383339483,0.92086
2.54934984912297,0.92248
2.54809709726818,0.92632
2.5468455760145,0.92567
2.54559528354957,0.92354
2.54434621806457,0.92585
2.54309837775424,0.92975
2.54185176081684,0.93103
2.54060636545419,0.93023
2.5393621898716,0.93102
2.53811923871997,0.93308
2.53687749732123,0.93211
2.5356369703396,0.92745
2.53439765599441,0.92334
2.53315955250845,0.92121
2.53192265810801,0.91966
2.53068697102284,0.92034
2.52945248948613,0.92362
2.52821921173452,0.92596
2.5269871360081,0.92411
2.52575626055037,0.92125
2.52452658360826,0.92362
2.52329810343212,0.92931
2.52207081827569,0.93236
2.52084472639611,0.93114
2.51961982605391,0.92716
2.51839611551301,0.92282
2.51717359304067,0.91964
2.51595225690755,0.91871
2.51473210538763,0.91918
2.51351313675827,0.91901
2.51229534930015,0.9201
2.51107874129727,0.92362
2.50986331103698,0.92523
2.50864905680992,0.92277
2.50743597691004,0.92105
2.50622406963461,0.92418
2.50501333328417,0.92868
2.50380376616254,0.9312
2.50259536657682,0.93085
2.50138813283738,0.92801
2.50018206325785,0.92689
2.4989771561551,0.9293
2.49777340984926,0.93066
2.49657082266368,0.93028
2.49536939292494,0.9322
2.49416911896284,0.93493
2.49296999911041,0.93323
2.49177203170385,0.92911
2.49057521508259,0.92833
2.48937954758922,0.92788
2.48818502756954,0.92483
2.48699165337249,0.92467
2.48579942335022,0.92808
2.48460833585799,0.92968
2.48341838925424,0.92676
2.48222958190055,0.92187
2.48104191216163,0.9184
2.47985537840532,0.91815
2.47866997900259,0.92065
2.47748571232751,0.92401
2.47630257675726,0.92639
2.47512057067212,0.92643
2.47393969245545,0.92691
2.47275994049372,0.92985
2.47158131317646,0.93114
2.47040380889626,0.93011
2.46922742604879,0.92938
2.46805216303275,0.92754
2.46687801824992,0.92451
2.4657049901051,0.92291
2.46453307700612,0.92338
2.46336227736384,0.92371
2.46219258959215,0.92261
2.46102401210792,0.9233
2.45985654333107,0.92842
2.45869018168447,0.93411
2.45752492559401,0.9335
2.45636077348855,0.92747
2.45519772379994,0.9237
2.45403577496298,0.92204
2.45287492541543,0.92011
2.45171517359803,0.92064
2.45055651795445,0.92226
2.44939896293085,0.92157
2.448242494972,0.92102
2.44708711853561,0.92332
2.44593283207707,0.92666
2.44477963405468,0.92856
2.44362752292965,0.93087
2.4424764971661,0.93468
2.44132655523103,0.93531
2.44017769559433,0.93119
2.43902991672876,0.92848
2.43788321710997,0.93054
2.43673759521647,0.93226
2.4355930495296,0.9303
2.4344495785336,0.92674
2.43330718071553,0.92453
2.43216585456527,0.92717
2.43102559857557,0.93023
2.42988641124198,0.92844
2.42874829106288,0.92665
2.42761123653945,0.92927
2.42647524617568,0.93349
2.42534031847837,0.9364
2.42420645195711,0.93818
2.42307364512426,0.93836
2.42194189649497,0.93375
2.42081120458716,0.92503
2.41968156792152,0.91738
2.41855298502151,0.9154
2.41742545441331,0.91788
2.41629897462589,0.91929
2.41517354419093,0.92226
2.41404916164285,0.92695
2.41292582551881,0.92824
2.41180353435868,0.9262
2.41068228670504,0.92331
2.4095620811032,0.92112
2.40844291610116,0.91863
2.40732479024961,0.91731
2.40620770210194,0.9203
2.40509165021422,0.92379
2.40397663314519,0.92488
2.40286264945629,0.92608
2.40174969771158,0.92649
2.40063777647782,0.92312
2.39952688432441,0.92019
2.39841701982338,0.92292
2.39730818154942,0.92718
2.39620036807986,0.92908
2.39509357799463,0.92879
2.39398780987632,0.92619
2.39288306231009,0.92291
2.39177933388376,0.92311
2.39067662318773,0.92663
2.38957492881498,0.92904
2.38847424936112,0.92923
2.38737458342432,0.9299
2.38627592960535,0.9317
2.38517828650753,0.93277
2.38408165273676,0.93005
2.38298602690151,0.92336
2.38189140761281,0.91845
2.38079779348422,0.9215
2.37970518313187,0.93164
2.3786135751744,0.94023
2.377522968233,0.9395
2.37643336093141,0.93158
2.37534475189585,0.92432
2.37425713975507,0.92249
2.37317052314036,0.92378
2.37208490068547,0.92313
2.37100027102667,0.92254
2.36991663280273,0.92635
2.3688339846549,0.93067
2.3677523252269,0.92947
2.36667165876609,0.92613
2.36559197271375,0.92703
2.36451327132728,0.93057
2.36343555326029,0.9322
2.36235881716883,0.93232
2.3612830617114,0.9334
2.36020828554895,0.9343
2.35913448734486,0.93218
2.35806166576494,0.92805
2.35698981947744,0.92551
2.35591894715302,0.92591
2.35484904746474,0.92623
2.35378011908809,0.92639
2.35271216070097,0.92808
2.35164517098365,0.9292
2.35057914861882,0.93019
2.34951409229155,0.93197
2.34845000068927,0.93156
2.34738687250182,0.92856
2.3463247064214,0.92606
2.34526350114257,0.92648
2.34420325536224,0.92863
2.34314396777971,0.92878
2.34208563709659,0.92829
2.34102826201687,0.92853
2.33997184124686,0.92852
2.33891637349519,0.92923
2.33786185747286,0.92764
2.33680829189315,0.9212
2.33575567547169,0.91695
2.33470400692641,0.91981
2.33365328497755,0.92554
2.33260350834764,0.93106
2.33155467576153,0.93488
2.33050678594635,0.93356
2.32945983763152,0.9285
2.32841382954875,0.92432
2.32736876043199,0.92249
2.32632462901752,0.92353
2.32528143404385,0.92509
2.32423917425174,0.92552
2.32319784838425,0.92752
2.32215745518666,0.93152
2.32111799340649,0.93424
2.32007946179353,0.93384
2.31904185909979,0.93187
2.31800518407951,0.9279
2.31696943548916,0.92205
2.31593461208744,0.91881
2.31490071263524,0.9219
2.31386773589569,0.92799
2.31283568063412,0.92998
2.31180454561805,0.92624
2.31077432961722,0.92049
2.30974503140352,0.91712
2.30871664975108,0.9207
2.30768918343618,0.92753
2.30666263123728,0.92847
2.30563699193502,0.92521
2.3046122643122,0.92545
2.30358844715379,0.92996
2.30256553924692,0.93334
2.30154353938086,0.93437
2.30052244634704,0.93274
2.29950225893904,0.92893
2.29848297595256,0.92938
2.29746459618545,0.93133
2.29644711843768,0.92701
2.29543054151135,0.9217
2.29441486421068,0.92256
2.293400085342,0.92809
2.29238620371377,0.93115
2.29137321813653,0.93134
2.29036112742294,0.93362
2.28934993038774,0.93521
2.28833963108427,0.93409
2.28733021785386,0.93241
2.28632169475864,0.92988
2.28531406062169,0.9264
2.28430731426819,0.92515
2.28330145452536,0.92738
2.28229648022251,0.93084
2.281292390191,0.93277
2.28028918326424,0.93468
2.2792868582777,0.93687
2.27828541406888,0.93249
2.27728484947736,0.92337
2.27628516334471,0.91718
2.27528635451456,0.9168
2.27428842183258,0.92041
2.27329136414643,0.92529
2.27229518030582,0.9304
2.27129986916245,0.93214
2.27030542957006,0.93056
2.26931186038438,0.92974
2.26831916046314,0.93085
2.26732732866607,0.93326
2.2663363638549,0.93702
2.26534626489334,0.93758
2.26435703064709,0.93288
2.26336865998383,0.93049
2.26238115177322,0.93395
2.26139450488688,0.93775
2.26040871819841,0.93602
2.25942379058337,0.92699
2.25843972091927,0.91831
2.25745650808559,0.9166
2.25647415096375,0.92033
2.25549264843711,0.92509
2.25451199939099,0.92751
2.25353220271264,0.92695
2.25255325729124,0.92486
2.25157516201789,0.92254
2.25059791578564,0.92108
2.24962151748944,0.92117
2.24864596602617,0.91943
2.24767126029461,0.91801
2.24669739919546,0.92311
2.24572438163131,0.93089
2.24475220650668,0.93042
2.24378087272795,0.92211
2.24281037920341,0.91591
2.24184072484324,0.91707
2.2408719085595,0.91819
2.23990392926613,0.91654
2.23893678587894,0.91808
2.23797047731562,0.92233
2.23700500249573,0.92871
2.23604036034068,0.93554
2.23507654977375,0.93639
2.23411356972008,0.93411
2.23315141910665,0.93133
2.2321900968623,0.92496
2.23122960191769,0.91838
2.23026993320536,0.91776
2.22931108965964,0.92376
2.22835307021673,0.92661
2.22739587381463,0.91951
2.22643949939318,0.91158
2.22548394589404,0.91303
2.22452921226068,0.9197
2.22357529743838,0.92253
2.22262220037424,0.92297
2.22166992001715,0.92767
2.22071845531781,0.93445
2.21976780522871,0.93582
2.21881796870414,0.9296
2.21786894470019,0.92409
2.2169207321747,0.92142
2.21597333499785,0.91689
2.21502674230581,0.91367
2.2140809579765,0.91589
2.21313598097489,0.92055
2.21219181026771,0.92293
2.21124844482344,0.92092
2.21030588361235,0.9162
2.20936412560643,0.91603
2.20842316977946,0.91918
2.20748301510692,0.91966
2.20654366056608,0.91962
2.20560510513592,0.9193
2.20466734779717,0.9199
2.20373038753229,0.92473
2.20279422332546,0.92617
2.2018588541626,0.92161
2.20092427903135,0.91941
2.19999049692105,0.92322
2.19905750682277,0.92865
2.1981253077293,0.93384
2.19719389863511,0.94067
2.1962632785364,0.94656
2.19533344643106,0.94436
2.19440440131866,0.93621
2.1934761422005,0.93268
2.19254866807952,0.93322
2.1916219779604,0.93424
2.19069607084946,0.93313
2.18977094575471,0.92973
2.18884660168585,0.92712
2.18792303765423,0.9275
2.18700025267289,0.92955
2.1860782457565,0.92979
2.18515701592143,0.92652
2.18423656218569,0.91873
2.18331688356894,0.91196
2.18239797909249,0.91487
2.1814798477793,0.92429
2.18056248865399,0.93161
2.17964590074279,0.9358
2.17873008307358,0.93678
2.17781503467589,0.9326
2.17690075458085,0.92817
2.17598724182124,0.92681
2.17507449543144,0.92494
2.17416251444747,0.9239
2.17325129790697,0.92524
2.17234084484916,0.92801
2.17143115431491,0.93144
2.17052222534666,0.93498
2.16961405698849,0.93626
2.16870664828604,0.93198
2.16779999828657,0.92311
2.16689410603893,0.91464
2.16598897059355,0.91057
2.16508459100247,0.90978
2.16418096631927,0.9116
2.16327809559914,0.91538
2.16237597789886,0.91866
2.16147461227674,0.92312
2.16057399779269,0.92863
2.15967413350818,0.9306
2.15877501848624,0.92904
2.15787665179146,0.92616
2.15697903248999,0.92358
2.15608215964953,0.92092
2.15518603233933,0.92425
2.15429064963018,0.93477
2.15339601059443,0.93991
2.15250211430596,0.93309
2.15160895984019,0.92654
2.15071654627407,0.92693
2.14982487268608,0.92888
2.14893393815623,0.92847
2.14804374638016,0.92167
2.1471542872089,0.91479
2.14626556434496,0.91918
2.14537757687442,0.93231
2.14449032388488,0.94034
2.14360380446546,0.93671
2.14271801770677,0.93115
2.14183296270092,0.93279
2.14094863854154,0.93552
2.14006504432373,0.93309
2.13918217914411,0.92786
2.13830004210078,0.91989
2.1374186322933,0.915
2.13653794882277,0.91599
2.13565799079171,0.91818
2.13477875730417,0.91638
2.13390024746564,0.91125
2.13302246038309,0.91186
2.13214539516497,0.91894
2.13126905092119,0.92492
2.13039342676311,0.9235
2.12951852180358,0.91611
2.12864433515686,0.91292
2.12777086593872,0.9182
2.12689811326633,0.92386
2.12602607625834,0.92464
2.12515475403483,0.92548
2.12428414571734,0.92844
2.12341425042881,0.92936
2.12254506729367,0.9261
2.12167659543773,0.92057
2.12080883398827,0.91682
2.11994178207398,0.92226
2.11907543882498,0.93482
2.11820980337279,0.94004
2.11734487485038,0.93315
2.11648065239212,0.92569
2.1156171351338,0.92139
2.1147543222126,0.91998
2.11389221276713,0.92356
2.1130308059374,0.92685
2.1121701008648,0.92764
2.11131009669215,0.92854
2.11045079256365,0.92637
2.10959218762488,0.92079
2.10873428102284,0.92178
2.10787707190589,0.92516
2.10702055942378,0.92326
2.10616474272765,0.92062
2.10530962097001,0.92106
2.10445519330476,0.92326
2.10360145888716,0.9248
2.10274841687384,0.92594
2.10189606642279,0.92961
2.10104440669339,0.93512
2.10019343684637,0.93898
2.0993431560438,0.93589
2.09849356344913,0.9295
2.09764465822716,0.92546
2.09679643954403,0.92253
2.09594890656724,0.92051
2.09510205846564,0.91679
2.09425589440939,0.91007
2.09341041357004,0.90738
2.09256561512043,0.90927
2.09172149823476,0.9109
2.09087806208857,0.91489
2.0900353058587,0.92084
2.08919322872335,0.92706
2.08835182986201,0.93637
2.08751110845552,0.94449
2.08667106368602,0.94239
2.08583169473698,0.93209
2.08499300079317,0.92378
2.08415498104068,0.92097
2.08331763900712,0.91441
2.08248096519727,0.90457
2.08164496314485,0.90305
2.08080963204115,0.90882
2.07997497107878,0.91827
2.07914097945163,0.92796
2.07830765635489,0.9303
2.07747500098503,0.92492
2.07664301253983,0.92253
2.07581169021833,0.92972
2.07498103322087,0.93871
2.07415104074905,0.93649
2.07332171200576,0.92846
2.07249304619517,0.92847
2.07166504252271,0.9329
2.07083770019508,0.93262
2.07001101842025,0.93094
2.06918499640746,0.93147
2.0683596333672,0.92967
2.06753492851124,0.92734
2.06671088105257,0.92703
2.06588749020547,0.92927
2.06506475518546,0.93268
2.0642426752093,0.93599
2.063421249495,0.93797
2.06260047726182,0.9356
2.06178035773027,0.93327
2.06096089012208,0.9318
2.06014207366023,0.92875
2.05932390756893,0.92818
2.05850639107361,0.92968
2.05768952340096,0.93101
2.05687330377886,0.92991
2.05605773143645,0.92211
2.05524280560406,0.91319
2.05442852551327,0.9118
2.05361489039685,0.91099
2.0528018994888,0.91417
2.05198955202433,0.92754
2.05117784723987,0.93653
2.05036678437303,0.93393
2.04955636266265,0.93024
2.04874658134877,0.93366
2.04793743967263,0.93904
2.04712893687665,0.93806
2.04632107220447,0.93176
2.04551384490091,0.92568
2.04470725421199,0.92194
2.04390129938491,0.92187
2.04309597966806,0.92271
2.04229129431101,0.92115
2.04148724256453,0.91728
2.04068382368054,0.91323
2.03988103691217,0.91624
2.03907888151369,0.92281
2.03827735674056,0.92716
2.03747646184943,0.92547
2.03667619609808,0.91936
2.03587655874547,0.91934
2.03507754905175,0.92798
2.03427916627819,0.93243
2.03348140968724,0.92763
2.0326842785425,0.92443
2.03188777210873,0.92581
2.03109188965185,0.92631
2.03029663043891,0.92872
2.02950199373811,0.93549
2.02870797881881,0.93915
2.02791458495151,0.93698
2.02712181140783,0.93285
2.02632965746056,0.9275
2.0255381223836,0.92561
2.02474720545201,0.93505
2.02395690594194,0.94698
2.02316722722392,0.95063
2.02237816038678,0.94719
2.02158970880648,0.94335
2.02080187176369,0.93966
2.02001464854023,0.93253
2.019228038419,0.92197
2.01844204068406,0.91665
2.01765665462055,0.91706
2.01687187951474,0.92047
2.01608771465399,0.92916
2.0153041593268,0.93533
2.01452121282275,0.92947
2.01373887443254,0.91427
2.01295714344795,0.90583
2.01217601916187,0.91373
2.0113955008683,0.92416
2.01061558786233,0.92785
2.00983627944012,0.93112
2.00905757489895,0.93314
2.00827947353717,0.9305
2.00750197465422,0.93253
2.00672507755064,0.942
2.00594878152804,0.94796
2.00517308588909,0.9472
2.00439798993758,0.94568
2.00362349297835,0.94665
2.00284959431731,0.94937
2.00207629326145,0.95014
2.00130358911884,0.95082
2.00053148119861,0.94635
1.99975996881094,0.93735
1.9989890512671,0.9331
1.99821872787941,0.93457
1.99744899796123,0.92863
1.99667986082702,0.90884
1.99591131579226,0.89637
1.9951433621735,0.90846
1.99437599928833,0.92976
1.9936092264554,0.94056
1.9928430429944,0.93913
1.99207744822608,0.93596
1.99131244147222,0.93716
1.99054802205563,0.93617
1.98978418930019,0.93061
1.98902094253079,0.92183
1.98825828107337,0.91621
1.98749620425491,0.91327
1.98673471140339,0.9137
1.98597380184786,0.91539
1.98521347491836,0.91455
1.98445372994599,0.91241
1.98369456626285,0.91148
1.98293598320207,0.9085
1.9821779800978,0.90006
1.98142055628521,0.89436
1.98066371110047,0.899
1.97990744388079,0.91289
1.97915175396436,0.93015
1.97839664069042,0.93722
1.97764210339918,0.92955
1.97688814143188,0.92115
1.97613475413075,0.91887
1.97538194083903,0.92239
1.97462970090096,0.925
1.97387803366179,0.91753
1.97312693846773,0.91032
1.97237641466603,0.91406
1.9716264616049,0.92459
1.97087707863355,0.93178
1.97012826510219,0.93034
1.96938002036201,0.92719
1.96863234376518,0.92299
1.96788523466485,0.91465
1.96713869241517,0.90488
1.96639272023796,0.90162
1.96564730975298,0.90815
1.96490246418693,0.91217
1.96415818289787,0.9084
1.96341446524481,0.90721
1.96267131058774,0.90849
1.96192871828762,0.90821
1.96118668770638,0.90701
1.9604452182069,0.91298
1.95970430915304,0.92667
1.95896395990961,0.93582
1.95822416984239,0.93345
1.9574849383181,0.92386
1.95674626470444,0.90821
1.95600814837004,0.89561
1.9552705886845,0.89792
1.95453358501836,0.91049
1.95379713674312,0.92036
1.95306124323121,0.92403
1.95232590385602,0.92256
1.95159111799188,0.9167
1.95085688501406,0.91484
1.95012320429876,0.91897
1.94939007522314,0.92126
1.94865749716528,0.92257
1.94792546950419,0.92654
1.94719399161983,0.9279
1.94646306289308,0.92675
1.94573268270575,0.9251
1.94500285044058,0.91664
1.94427356548123,0.90911
1.9435448272123,0.90708
1.94281663501928,0.90496
1.94208898828863,0.90403
1.94136188640768,0.9025
1.9406353287647,0.89892
1.93990931474888,0.89827
1.93918384375031,0.90746
1.93845891516,0.91874
1.93773452836987,0.92589
1.93701068277275,0.93174
1.93628737776237,0.9311
1.93556461273337,0.92971
1.9348423870813,0.92972
1.9341207002026,0.93049
1.93339955149461,0.93296
1.93267894035558,0.9338
1.93195886618465,0.93214
1.93123932838186,0.92232
1.93052032634813,0.91257
1.92980185948528,0.91482
1.92908392719603,0.91705
1.92836652888398,0.91065
1.92764966395361,0.90877
1.92693333181029,0.91638
1.92621753186027,0.92408
1.92550226351071,0.91774
1.9247875261696,0.90735
1.92407331924586,0.91497
1.92335964214924,0.92957
1.92264649429041,0.92456
1.92193387508088,0.90809
1.92122178393304,0.90246
1.92051022026017,0.90556
1.91979918347639,0.91241
1.9190886729967,0.92199
1.91837868823698,0.92662
1.91766922861395,0.92052
1.9169602935452,0.90871
1.9162518824492,0.90396
1.91554399474525,0.91119
1.91483662985352,0.92004
1.91412978719505,0.91949
1.91342346619171,0.91623
1.91271766992473,0.92433
1.91201239049802,0.93382
1.91130763099721,0.93429
1.91060339084757,0.93001
1.90989966947525,0.92599
1.90919646630721,0.91968
1.90849378077128,0.91563
1.90779161229612,0.92156
1.90708996031123,0.92979
1.90638882424695,0.92909
1.90568820353447,0.92528
1.90498809760579,0.92671
1.90428850589377,0.92993
1.90358942783209,0.9289
1.90289086285526,0.92162
1.90219281039863,0.91699
1.90149526989836,0.91833
1.90079824079146,0.9285
1.90010172251575,0.94775
1.89940571450987,0.95221
1.89871021621329,0.93883
1.89801522706631,0.93374
1.89732074651003,0.93836
1.89662677398638,0.93938
1.89593330893811,0.93603
1.89524035080876,0.93688
1.89454789904272,0.94521
1.89385595308516,0.94526
1.89316451238207,0.93301
1.89247357638027,0.91534
1.89178314452735,0.89656
1.89109321627174,0.88562
1.89040379106264,0.89844
1.88971486835009,0.92267
1.88902644758491,0.93092
1.88833852821872,0.92553
1.88765110970393,0.92031
1.88696419149378,0.91809
1.88627777304228,0.91595
1.88559185380423,0.91658
1.88490643323523,0.92368
1.88422151079168,0.93235
1.88353708593076,0.93656
1.88285315811045,0.9334
1.88216972678949,0.92946
1.88148679142744,0.91919
1.88080435148462,0.90932
1.88012240642214,0.91801
1.87944095570189,0.92837
1.87875999878655,0.93319
1.87807953513956,0.93481
1.87739956422515,0.93097
1.87672008550832,0.93006
1.87604109845486,0.92966
1.8753626025313,0.92221
1.87468459720498,0.91515
1.87400708194397,0.90857
1.87333005621716,0.90578
1.87265351949414,0.90914
1.87197747124534,0.911
1.87130191094189,0.90721
1.87062683805572,0.91188
1.86995225205951,0.9305
1.86927815242671,0.94052
1.86860453863151,0.93965
1.86793141014889,0.93983
1.86725876645454,0.93583
1.86658660702494,0.93075
1.86591493133733,0.92457
1.86524373886966,0.91844
1.86457302910067,0.92004
1.86390280150984,0.92965
1.86323305557739,0.93944
1.8625637907843,0.94937
1.86189500661227,0.95522
1.86122670600794,0.94926
1.86055888152369,0.93597
1.85989153611012,0.92259
1.85922466925193,0.92987
1.85855828043452,0.94818
1.85789236914407,0.94967
1.85722693486747,0.94055
1.85656197709236,0.93286
1.85589749530709,0.9252
1.85523348900078,0.9163
1.85456995766325,0.91237
1.85390690078505,0.91985
1.85324431785748,0.93313
1.85258220837255,0.93684
1.851920571823,0.922
1.85125940770229,0.90922
1.85059871550461,0.918
1.84993849472488,0.92887
1.84927874485871,0.92535
1.84861946540247,0.91751
1.84796065585321,0.91992
1.84730231570872,0.93368
1.84664444446751,0.94461
1.84598704162877,0.94085
1.84533010669245,0.93104
1.84467363915917,0.92838
1.84401763853029,0.93114
1.84336210430785,0.93851
1.84270703599464,0.9462
1.84205243309411,0.94602
1.84139829511045,0.9414
1.84074462154854,0.93884
1.84009141191395,0.93664
1.83943866571298,0.92629
1.83878638245261,0.90305
1.83813456164053,0.88536
1.83748320278511,0.89414
1.83683230539544,0.91362
1.83618186898129,0.91656
1.83553189305313,0.90994
1.83488237712212,0.91676
1.83423332070011,0.93663
1.83358472329965,0.94835
1.83293658443397,0.9423
1.83228890361699,0.92657
1.83164168036332,0.91568
1.83099491418824,0.91475
1.83034860460775,0.91678
1.82970275113849,0.91368
1.82905735329782,0.91237
1.82841241060375,0.91407
1.82776792257499,0.92172
1.82712388873092,0.92569
1.82648030859159,0.92995
1.82583718167775,0.9329
1.8251945075108,0.93029
1.82455228561282,0.93423
1.82391051550657,0.93834
1.82326919671547,0.93485
1.82262832876363,0.92939
1.8219879111758,0.92911
1.82134794347742,0.93462
1.8207084251946,0.94078
1.82006935585409,0.94528
1.81943073498332,0.93957
1.81879256211038,0.93287
1.81815483676404,0.92305
1.8175175584737,0.91966
1.81688072676944,0.92969
1.81624434118199,0.93678
1.81560840124275,0.93406
1.81497290648375,0.92921
1.81433785643769,0.92181
1.81370325063794,0.90682
1.81306909190573,0.89436
1.81243537319896,0.90448
1.81180209734247,0.92521
1.81116926387222,0.9286
1.81053687232482,0.92475
1.80990492223752,0.9224
1.80927341314821,0.92177
1.80864234459545,0.93291
1.80801171611842,0.95046
1.80738152725695,0.96572
1.80675177755151,0.95709
1.80612246654321,0.94539
1.80549359377381,0.94387
1.80486515878569,0.9441
1.80423716112188,0.93837
1.80360960032605,0.93647
1.80298247594248,0.93988
1.8023557875161,0.93823
1.80172953459249,0.93294
1.80110371671783,0.92886
1.80047833343894,0.92412
1.79985338430329,0.91802
1.79922886885894,0.91944
1.79860478665462,0.92851
1.79798113723965,0.94194
1.79735792016399,0.95071
1.79673513497823,0.95154
1.79611278123357,0.93053
1.79549085848183,0.91561
1.79486936627548,0.91568
1.79424830416756,0.91959
1.79362767171177,0.92151
1.79300746846242,0.91843
1.79238769397441,0.91413
1.79176834780329,0.91718
1.7911494295052,0.93068
1.79053093863691,0.93566
1.78991287475578,0.91486
1.7892952374198,0.88559
1.78867802618757,0.87573
1.78806124061829,0.88953
1.78744488027177,0.90093
1.78682894470842,0.89739
1.78621343348927,0.90125
1.78559834617595,0.92207
1.7849836823307,0.92331
1.78436944151633,0.90815
1.78375562329629,0.91193
1.78314222723462,0.9168
1.78252925289595,0.91048
1.78191669984551,0.9053
1.78130456764914,0.91273
1.78069285587326,0.92434
1.7800815640849,0.9277
1.77947069185167,0.9172
1.77886023874179,0.90876
1.77825020432406,0.92202
1.77764058816787,0.94208
1.77703138984321,0.93582
1.77642260892065,0.92144
1.77581424497135,0.91435
1.77520629756706,0.91813
1.77459876628013,0.93179
1.77399165068346,0.93599
1.77338495035057,0.92235
1.77277866485554,0.90709
1.77217279377304,0.90599
1.77156733667833,0.92009
1.77096229314724,0.92785
1.77035766275618,0.93157
1.76975344508214,0.93992
1.76914963970268,0.93586
1.76854624619595,0.9144
1.76794326414067,0.89065
1.76734069623963,0.89415
1.76673853582357,0.92385
1.76613678559855,0.94457
1.7655354451456,0.94755
1.76493451404628,0.94474
1.76433399188276,0.93251
1.76373387823774,0.92129
1.76313417269451,0.91573
1.76253487483693,0.90546
1.76193598424942,0.90227
1.76133750051695,0.92437
1.76073942322508,0.93838
1.76014175195991,0.92211
1.75954448630811,0.90902
1.75894762585692,0.91466
1.75835117019413,0.92012
1.75775511890809,0.91301
1.75715947158771,0.91622
1.75656422782245,0.93641
1.75596938720233,0.93397
1.75537494931794,0.9267
1.7547809137604,0.923
1.7541872801214,0.92702
1.75359404799317,0.93083
1.7530012169685,0.92643
1.75240878664074,0.91718
1.75181675660377,0.9104
1.75122512645203,0.90338
1.75063389578049,0.89763
1.7500430641847,0.89474
1.74945263126073,0.89186
1.7488625966052,0.895
1.74827295981528,0.91199
1.74768372048868,0.92608
1.74709487822364,0.9187
1.74650643261897,0.89906
1.74591838327399,0.8911
1.74533072978858,0.90088
1.74474347176314,0.90686
1.74415660879863,0.90842
1.74357014049653,0.918
1.74298406645887,0.92018
1.74239838628819,0.91826
1.74181309958759,0.92441
1.74122820596069,0.93603
1.74064370501165,0.94337
1.74005959634515,0.93505
1.73947587956641,0.92493
1.73889255428118,0.93675
1.73830962009574,0.93919
1.73772707661687,0.92889
1.73714492345193,0.93198
1.73656316020875,0.93653
1.73598178649573,0.93064
1.73540080192177,0.91235
1.73482020609629,0.90526
1.73423999862926,0.92068
1.73366017913113,0.9408
1.73308074721291,0.94464
1.73250170248611,0.93538
1.73192304456276,0.92852
1.73134477305541,0.93042
1.73076688757714,0.92932
1.73018938774151,0.91475
1.72961227316265,0.8905
1.72903554345515,0.87473
1.72845919823415,0.88144
1.72788323711529,0.90869
1.72730765971473,0.93441
1.72673246564912,0.92869
1.72615765453564,0.90354
1.72558322599199,0.89556
1.72500917963635,0.91155
1.72443551508742,0.93559
1.72386223493612,0.93897
1.72328933285678,0.92606
1.7227168114433,0.92667
1.7221446703164,0.9147
1.72157290909732,0.89218
1.72100152740779,0.89738
1.72043052487003,0.92632
1.71985990110678,0.94226
1.71928965574129,0.92373
1.71871978839727,0.90795
1.71815029869897,0.90561
1.71758118627111,0.9109
1.71701245073893,0.91756
1.71644409172815,0.9078
1.71587610886499,0.88583
1.71530850177616,0.87699
1.71474127008886,0.89288
1.71417441343081,0.92114
1.7136079314302,0.93191
1.7130418237157,0.91719
1.7124760899165,0.90981
1.71191072966225,0.92026
1.71134574258311,0.92643
1.71078112830973,0.91489
1.71021688647323,0.90249
1.70965301670523,0.90244
1.70908951863783,0.91215
1.70852639190361,0.91815
1.70796363613564,0.92489
1.70740125096748,0.93651
1.70683923603316,0.9425
1.70627759096721,0.93744
1.70571631540461,0.93006
1.70515540898085,0.91197
1.70459487133189,0.90374
1.70403470209415,0.90973
1.70347490090456,0.90661
1.70291546740051,0.91247
1.70235640121986,0.90773
1.70179770200096,0.90117
1.70123936938262,0.89877
1.70068140300413,0.91263
1.70012380250526,0.93564
1.69956656752625,0.93591
1.69900969770779,0.91804
1.69845319269108,0.92095
1.69789705211776,0.93308
1.69734127562994,0.93521
1.69678586287022,0.94105
1.69623081348165,0.94836
1.69567612710774,0.92804
1.69512180339249,0.90071
1.69456784198034,0.90171
1.69401424251622,0.9245
1.6934610046455,0.94356
1.69290812801404,0.95376
1.69235561226812,0.9544
1.69180345705453,0.94762
1.69125166202049,0.92336
1.69070022681369,0.89125
1.69014915108228,0.87498
1.68959843447486,0.88172
1.6890480766405,0.90622
1.68849807722872,0.93256
1.6879484358895,0.92869
1.68739915227328,0.92814
1.68685022603093,0.9437
1.68630165681381,0.95171
1.6857534442737,0.94382
1.68520558806286,0.9184
1.68465808783399,0.89581
1.68411094324024,0.8832
1.68356415393521,0.88346
1.68301771957296,0.88638
1.68247163980798,0.89375
1.6819259171241,0.90745
1.68138054551713,0.93377
1.68083552747362,0.9514
1.68029086264987,0.9245
1.67974655070261,0.94376
1.67920259128902,0.93962
1.67865898406672,0.90189
1.67811572869378,0.89078
1.67757282482871,0.90911
1.67703027213046,0.93891
1.67648807025842,0.96516
1.67594621887243,0.97663
1.67540471763275,0.95341
1.6748635662001,0.91465
1.67432276423562,0.89539
1.67378231140091,0.90796
1.67324220735799,0.92822
1.67270245176931,0.92267
1.67216304429777,0.90083
1.6716239846067,0.89424
1.67108527235986,0.90758
1.67054690722146,0.92141
1.67000888885611,0.94033
1.66947121692889,0.95324
1.66893389110528,0.94734
1.66839691105121,0.93282
1.66786027643303,0.92758
1.66732398691752,0.94122
1.6667880421719,0.95533
1.66625244186379,0.97568
1.66571718566128,0.95774
1.66518227323284,0.932
1.6646477042474,0.92433
1.66411347837429,0.91902
1.66357959528329,0.91
1.66304605464459,0.89617
1.66251285612879,0.88635
1.66197999940694,0.89362
1.66144748415049,0.92358
1.66091531003132,0.93197
1.66038347672173,0.91873
1.65985198389443,0.92003
1.65932083122257,0.92574
1.65879001837969,0.91203
1.65825954503978,0.90863
1.65772941087722,0.93044
1.65719961556681,0.93644
1.65667015878378,0.93849
1.65614104020377,0.9559
1.65561225950282,0.93292
1.65508381635741,0.91098
1.6545557104444,0.92228
1.65402794144109,0.94821
1.65350050902517,0.95691
1.65297341287477,0.93572
1.65244665266839,0.92427
1.65192022808499,0.92479
1.65139413880389,0.92463
1.65086838450484,0.93609
1.650342964868,0.9398
1.64981787957395,0.9155
1.64929312830364,0.91872
1.64876871073845,0.93006
1.64824462656017,0.9179
1.64772087545097,0.89994
1.64719745709346,0.88393
1.64667437117063,0.88003
1.64615161736586,0.89759
1.64562919536296,0.92563
1.64510710484612,0.91835
1.64458534549995,0.89656
1.64406391700944,0.88244
1.64354281906,0.87794
1.64302205133741,0.89614
1.6425016162257,0.93388
1.64198150801411,0.93844
1.64146172908916,0.92971
1.64094227913824,0.91471
1.64042315784913,0.8987
1.63990436491,0.88326
1.63938590000942,0.87937
1.63886776283637,0.88528
1.6383499530802,0.891
1.63783247043065,0.9129
1.63731531457787,0.94239
1.6367984852124,0.95291
1.63628198202516,0.94862
1.63576580470745,0.95208
1.635249952951,0.94734
1.63473442644788,0.92756
1.63421922489057,0.92109
1.63370434797196,0.91957
1.63318979538528,0.91189
1.63267556682418,0.90767
1.63216166198269,0.90955
1.63164808055522,0.89923
1.63113482223657,0.91726
1.63062188672191,0.91175
1.63010927370682,0.89864
1.62959698288723,0.9181
1.62908501395947,0.93648
1.62857336662027,0.92922
1.62806204056669,0.91175
1.62755103549623,0.89406
1.62704035110672,0.88311
1.6265299870964,0.88778
1.62601994316387,0.89474
1.62551021900813,0.90278
1.62500081432853,0.90563
1.62449172882482,0.90742
1.62398296219712,0.90414
1.62347451414591,0.87833
1.62296638437206,0.86167
1.62245857257682,0.87883
1.62195107846179,0.90239
1.62144390172897,0.91298
1.62093704208073,0.92309
1.62043049921978,0.93528
1.61992427284924,0.92246
1.61941836267259,0.90283
1.61891276839366,0.91298
1.61840748971668,0.93631
1.61790252634622,0.94421
1.61739787798725,0.92383
1.61689354434508,0.91416
1.6163895251254,0.93412
1.61588582003427,0.92589
1.61538242877811,0.89387
1.6148793510637,0.87806
1.61437658659821,0.87911
1.61387413508914,0.89919
1.61337199624439,0.92821
1.61287016977218,0.93724
1.61236865538114,0.92635
1.61186745278023,0.95157
1.61136656167878,0.96311
1.61086598178648,0.91588
1.6103657128134,0.91185
1.60986575446994,0.91768
1.60936610646687,0.93427
1.60886676851533,0.93287
1.60836774032682,0.93055
1.60786902161316,0.94418
1.60737061208658,0.96304
1.60687251145964,0.96545
1.60637471944525,0.95397
1.60587723575669,0.94299
1.60538006010758,0.91346
1.60488319478757,0.8825
1.60438663435808,0.85859
1.60389038111108,0.86475
1.60339443476158,0.91429
1.602898795025,0.92718
1.60240346161708,0.89962
1.60190843425391,0.86855
1.60141371265196,0.86252
1.60091929652801,0.90476
1.60042518559923,0.93105
1.5999313795831,0.93069
1.59943787819748,0.92314
1.59894468116056,0.90518
1.59845178819089,0.88454
1.59795919900736,0.88285
1.59746691332919,0.88807
1.59697493087598,0.88681
1.59648325136765,0.90173
1.59599187452447,0.91294
1.59550080006707,0.90117
1.59501002771639,0.84963
1.59451955719375,0.83592
1.5940293882208,0.88648
1.59353952051951,0.90575
1.59304995381222,0.88622
1.59256068782161,0.88393
1.59207172227068,0.91754
1.59158305688278,0.93324
1.59109469138162,0.90076
1.59060662549121,0.86424
1.59011885893592,0.85801
1.58963139144047,0.87418
1.5891442227299,0.89402
1.58865735252959,0.89996
1.58817078056526,0.92692
1.58768450656296,0.95921
1.58719853024908,0.96778
1.58671285135035,0.97353
1.58622746959382,0.97988
1.58574238470689,0.95815
1.58525759641728,0.92165
1.58477310445305,0.91237
1.58428890854259,0.93075
1.58380500841463,0.92546
1.58332140379822,0.89936
1.58283809442274,0.88654
1.58235508001791,0.91174
1.58187236031377,0.94711
1.58138993504071,0.92783
1.58090780392941,0.92861
1.58042596671093,0.92415
1.5799444231166,0.88198
1.57946317287812,0.86929
1.57898221572751,0.86443
1.5785015513971,0.88993
1.57802117961956,0.91365
1.57754110012788,0.92503
1.57706131265538,0.94667
1.57658181693569,0.93403
1.57610261270278,0.93296
1.57562369969094,0.92894
1.57514507763477,0.91965
1.57466674626922,0.91897
1.57418870532953,0.92784
1.57371095455128,0.93991
1.57323349367037,0.93149
1.57275632242301,0.90113
1.57227944054574,0.89679
1.57180284777542,0.8945
1.57132654384923,0.86616
1.57085052850465,0.88026
1.5703748014795,0.92753
1.56989936251191,0.95059
1.56942421134032,0.92351
1.5689493477035,0.90415
1.56847477380065,0.89647
1.56800048444943,0.87731
1.56752648185117,0.87038
1.56705276574588,0.89377
1.56657933587391,0.90785
1.56610619197591,0.91114
1.56563333379285,0.92354
1.56516076106599,0.94638
1.56468847353694,0.94931
1.5642164709476,0.92453
1.56374475304018,0.91505
1.5632733195572,0.93678
1.56280217024149,0.94769
1.56233130483622,0.95632
1.56186072308482,0.93386
1.56139042473106,0.89809
1.56092040951902,0.90937
1.56045067719307,0.92143
1.5599812274979,0.90195
1.55951206017851,0.9317
1.5590431749802,0.938
1.55857457164857,0.96665
1.55810624992954,0.94744
1.55763820956933,0.8966
1.55717045031446,0.89091
1.55670297191176,0.88819
1.55623577410836,0.87548
1.5557688566517,0.86836
1.55530221928951,0.85884
1.55483586176984,0.86389
1.55436978384102,0.88463
1.55390398525171,0.90277
1.55343846575085,0.91341
1.55297322508768,0.93714
1.55250826301176,0.96255
1.55204357927293,0.93835
1.55157917362133,0.94174
1.55111504580741,0.90458
1.55065119558192,0.86998
1.5501876226959,0.88523
1.54972432690068,0.90916
1.5492613079479,0.89565
1.5487985655895,0.87799
1.54833609957771,0.88315
1.54787390966504,0.87367
1.54741199560433,0.88218
1.54695035714868,0.90822
1.54648899405152,0.88949
1.54602790606653,0.89698
1.54556709294772,0.96839
1.54510655444939,0.96702
1.54464629032611,0.91817
1.54418630033276,0.89779
1.54372658422451,0.89455
1.54326714175683,0.87527
1.54280797268545,0.89271
1.54234907676642,0.9251
1.54189045375608,0.92581
1.54143210341104,0.92953
1.54097402548822,0.93071
1.54051621974481,0.93692
1.5400586859383,0.9228
1.53960142382648,0.89856
1.53914443316739,0.90389
1.5386877137194,0.93249
1.53823126524113,0.9292
1.53777508749152,0.90023
1.53731918022977,0.89489
1.53686354321538,0.92095
1.53640817620813,0.86527
1.53595307896809,0.84424
1.53549825125559,0.88898
1.53504369283128,0.9181
1.53458940345607,0.92601
1.53413538524473,0.9329
1.53368163325021,0.88221
1.53322814958923,0.86848
1.53277493402385,0.87996
1.53232198631638,0.86186
1.53186930622944,0.83041
1.53141689352592,0.81818
1.53096474796897,0.84784
1.53051286932205,0.88976
1.53006125734889,0.88035
1.52960991181349,0.85243
1.52915883248014,0.85191
1.52870801911339,0.86574
1.52825747147808,0.85597
1.52780718933935,0.8297
1.52735717246256,0.82642
1.5269074206134,0.87489
1.52645793355782,0.92389
1.52600871106202,0.93028
1.52555975289252,0.91889
1.52511105881607,0.91959
1.52466262859973,0.94134
1.52421446201081,0.93493
1.52376655881691,0.92412
1.52331891878589,0.90374
1.52287154168589,0.85148
1.52242442728532,0.83942
1.52197757535287,0.88136
1.52153098565748,0.90268
1.52108465796839,0.88309
1.52063859205508,0.88666
1.52019278768733,0.94423
1.51974724463518,0.97174
1.51930196266892,0.94289
1.51885694155913,0.91943
1.51841218107665,0.89082
1.51796768099261,0.89492
1.51752344107837,0.90771
1.51707946110558,0.89875
1.51663574084617,0.90727
1.5161922800723,0.89733
1.51574907855643,0.86921
1.51530613607127,0.85039
1.51486345238981,0.84094
1.51442102728527,0.86041
1.51397886053118,0.87462
1.51353695190131,0.86897
1.5130953011697,0.86151
1.51265390811064,0.86781
1.5122127724987,0.90259
1.51177189410871,0.90292
1.51133127271576,0.89628
1.5108909080952,0.9234
1.51045080002265,0.94077
1.51001094827398,0.91651
1.50957135262533,0.90963
1.50913201285308,0.92563
1.50869292873391,0.8772
1.50825410004473,0.86632
1.50781552656272,0.87712
1.5073772080653,0.85697
1.50693914433018,0.84063
1.5065013351353,0.88296
1.50606378025888,0.90159
1.50562647947939,0.89134
1.50518943257555,0.88261
1.50475263932635,0.88173
1.50431609951102,0.92879
1.50387981290905,0.93401
1.5034437793002,0.88361
1.50300799846448,0.88998
1.50257247018214,0.91173
1.5021371942337,0.91666
1.50170217039994,0.9309
1.50126740071567,0.92628
1.50083288045326,0.88576
1.50039861164936,0.86787
1.49996459408574,0.87524
1.49953082754444,0.88643
1.49909731180776,0.85254
1.49866404665822,0.81302
1.49823103187862,0.84097
1.497798267252,0.90406
1.49736575256166,0.91433
1.49693348759113,0.89794
1.49650147212421,0.84634
1.49606970594494,0.80307
1.49563818883761,0.82338
1.49520692058676,0.87128
1.49477590097718,0.92087
1.49434512979391,0.94591
1.49391460682222,0.9689
1.49348433184766,0.91549
1.493054304656,0.8685
1.49262452503326,0.85549
1.49219499276571,0.87097
1.49176570763988,0.89068
1.49133666944253,0.9124
1.49090787796066,0.93287
1.49047933298152,0.91741
1.49005103429263,0.87805
1.48962298168171,0.86046
1.48919517493675,0.85102
1.48876761384598,0.85471
1.48834029819788,0.86982
1.48791322778116,0.88088
1.48748640238477,0.8907
1.48705982179792,0.90838
1.48663348581005,0.89561
1.48620739421083,0.87354
1.4857815467902,0.88259
1.48535594333832,0.89638
1.4849305836456,0.90016
1.48450546750267,0.88665
1.48408059470042,0.88312
1.48365596502998,0.87907
1.48323157828271,0.88914
1.48280743425021,0.92227
1.48238353272432,0.95096
1.48195987349712,0.95817
1.48153645636092,0.94346
1.48111328110828,0.91223
1.48069034753199,0.90259
1.48026765542507,0.91501
1.47984520458078,0.92144
1.47942299479262,0.92619
1.47900102585434,0.93948
1.47857929755989,0.91797
1.47815780970348,0.87742
1.47773656207955,0.85199
1.47731555448277,0.8604
1.47689478670806,0.87615
1.47647425855054,0.89883
1.4760539698056,0.92875
1.47563392026884,0.9246
1.4752141097361,0.88987
1.47479453800345,0.87839
1.4743752048672,0.90739
1.47395611012388,0.95214
1.47353725357025,0.95123
1.47311863500332,0.95499
1.47270025422032,0.90675
1.47228211101869,0.89054
1.47186420519613,0.86477
1.47144653655056,0.80722
1.47102910488013,0.79232
1.4706119099832,0.84729
1.47019495165839,0.88214
1.46977823186478,0.87265
1.46936174607971,0.83117
1.46894549626393,0.82412
1.46852948221698,0.81579
1.46811370373858,0.80328
1.46769816062871,0.81361
1.46728285268757,0.83779
1.46686777971557,0.86487
1.46645294151338,0.89303
1.46603833788185,0.87043
1.46562396862209,0.81141
1.46520983353543,0.81862
1.46479593242341,0.85875
1.4643822650878,0.87713
1.46396883133061,0.92522
1.46355563095404,0.92745
1.46314266376055,0.88979
1.46272992955279,0.89157
1.46231742813366,0.89935
1.46190515930628,0.89884
1.46149312287396,0.89576
1.46108131864027,0.91854
1.46066974640898,0.89362
1.46025840598409,0.83342
1.45984729716981,0.84476
1.45943641977059,0.89949
1.45902577359108,0.90194
1.45861535843616,0.94175
1.45820517411092,0.89454
1.45779522042069,0.78939
1.457385497171,0.77969
1.4569760041676,0.86323
1.45656674121647,0.93705
1.45615770812379,0.8872
1.45574890469598,0.85352
1.45534033073965,0.91642
1.45493198606166,0.91165
1.45452387046905,0.88
1.45411598376911,0.91648
1.45370832576933,0.8798
1.4533008962774,0.88184
1.45289369510127,0.86751
1.45248672204906,0.84304
1.45207997692912,0.84641
1.45167345955003,0.88495
1.45126716972057,0.89988
1.45086110724972,0.88024
1.45045527194671,0.87952
1.45004966362096,0.84175
1.44964428208209,0.83639
1.44923912713997,0.8875
1.44883419860464,0.88774
1.44842949628639,0.81079
1.4480250199957,0.77439
1.44762076954327,0.80722
1.44721674474001,0.87459
1.44681294539702,0.90618
1.44640937132566,0.91829
1.44600602233745,0.90203
1.44560289824415,0.83475
1.44519999885771,0.83033
1.44479732399032,0.85675
1.44439487345434,0.89094
1.44399264706237,0.88537
1.4435906446272,0.88501
1.44318886596185,0.92663
1.44278731087951,0.94901
1.44238597919362,0.95317
1.44198487071781,0.92373
1.4415839852659,0.92767
1.44118332265196,0.90652
1.44078288269021,0.90122
1.44038266519513,0.95194
1.43998266998136,0.94228
1.4395828968638,0.90134
1.43918334772874,0.90705
1.43878401824783,0.89255
1.43838491030896,0.84891
1.4379860237278,0.90296
1.43758735832025,0.95986
1.43718891390241,0.91571
1.43679069029058,0.92617
1.43639268730127,0.95538
1.43599490475118,0.91646
1.43559734245723,0.9085
1.43520000023652,0.91909
1.43480287790638,0.86233
1.43440597528432,0.88744
1.43400929218806,0.89826
1.43361282843552,0.84449
1.43321658384483,0.86746
1.43282055823431,0.87692
1.43242475142249,0.91362
1.43202916322808,0.86847
1.43163379347003,0.85936
1.43123864196744,0.80944
1.43084370853965,0.72327
1.43044899300618,0.70421
1.43005449518675,0.74494
1.42966021490129,0.80091
1.42926615196992,0.83673
1.42887230621295,0.83832
1.4284786774509,0.83847
1.42808526550449,0.84258
1.42769207019463,0.84025
1.42729909134243,0.86951
1.4269063287692,0.92661
1.42651378229643,0.96175
1.42612145174583,0.95356
1.42572933693929,0.91494
1.42533743769891,0.91555
1.42494575384697,0.97044
1.42455428520595,0.92478
1.42416303159853,0.86998
1.42377199284758,0.8782
1.42338116877617,0.93303
1.42299055920756,0.88525
1.4226001639652,0.79607
1.42220998287274,0.80794
1.42182001575402,0.8611
1.42143026243308,0.86069
1.42104072273415,0.79762
1.42065139648164,0.82337
1.42026228350017,0.85592
1.41987338361454,0.84906
1.41948469664975,0.83958
1.41909622243099,0.85606
1.41870796078364,0.89928
1.41831991153326,0.89598
1.41793207450562,0.88466
1.41754444952667,0.87402
1.41715703642256,0.85837
1.4167698350196,0.83508
1.41638284514434,0.83592
1.41599606662347,0.8325
1.4156094992839,0.82438
1.41522314295272,0.82822
1.4148369974572,0.87251
1.41445106262482,0.95672
1.41406533828322,0.91557
1.41367982426026,0.85742
1.41329452038395,0.86654
1.41290942648253,0.77429
1.41252454238439,0.7185
1.41213986791812,0.77573
1.41175540291251,0.88169
1.41137114719652,0.85794
1.41098710059931,0.85296
1.4106032629502,0.94683
1.41021963606744,0.89009
1.40983621580222,0.83345
1.40945300397423,0.8734
1.40907000041356,0.92301
1.40868720495046,0.85913
1.40830461741539,0.827
1.40792223763897,0.8739
1.40754006545202,0.84991
1.40715810068554,0.77842
1.40677634317071,0.75936
1.4063947927389,0.78757
1.40601344922165,0.7998
1.4056323124507,0.83221
1.40525138225796,0.89487
1.40487065847552,0.93727
1.40449014093567,0.94411
1.40410982947086,0.89191
1.40372972391374,0.82858
1.40334982409712,0.8662
1.402970129854,0.90172
1.40259064101759,0.91669
1.40221135742122,0.8376
1.40183227889846,0.8244
1.40145340528302,0.87577
1.4010747364088,0.90635
1.4006962721099,0.85568
1.40031801222058,0.75618
1.39993995657526,0.74666
1.39956210500858,0.84415
1.39918445735534,0.89156
1.39880701345051,0.89492
1.39842977312924,0.92124
1.39805273622687,0.89009
1.39767590257891,0.83131
1.39729927202105,0.79841
1.39692284438915,0.79161
1.39654661951925,0.77869
1.39617059724758,0.72537
1.39579477741051,0.74061
1.39541915984464,0.82899
1.39504374438669,0.88311
1.3946685308736,0.8543
1.39429351914246,0.73458
1.39391870903055,0.67332
1.39354410037531,0.71829
1.39316969301436,0.79334
1.3927954867855,0.84246
1.39242148152671,0.88763
1.39204767707612,0.86833
1.39167407327206,0.88855
1.39130066995301,0.89679
1.39092746695765,0.96337
1.39055446412481,0.91116
1.3901816612935,0.86151
1.38980905830291,0.91399
1.38943665499239,0.89678
1.38906445120147,0.89479
1.38869244676986,0.85525
1.38832064153742,0.85835
1.38794903534419,0.88602
1.3875776280304,0.87263
1.38720641943643,0.82388
1.38683540940283,0.88625
1.38646459777033,0.9208
1.38609398437983,0.94704
1.3857235690724,0.96873
1.38535335168927,0.95141
1.38498333207184,0.92268
1.38461351006171,0.9449
1.38424388550061,0.88994
1.38387445823045,0.88849
1.38350522809332,0.87388
1.38313619493147,0.85626
1.38276735858732,0.88101
1.38239872081449,0.89128
1.38203027763265,0.89033
1.38166203079678,0.81626
1.38129398014997,0.8268
1.38092612553547,0.82539
1.38055846679672,0.79132
1.38019100377729,0.82489
1.37982373632096,0.87896
1.37945666427164,0.8979
1.37908978747342,0.85588
1.37872310577057,0.84162
1.37835661900749,0.71195
1.37799032702878,0.61827
1.3776242296792,0.61494
1.37725832680365,0.69716
1.37689261824722,0.83535
1.37652710385515,0.83845
1.37616178347286,0.76092
1.37579665694593,0.81011
1.37543172412008,0.90767
1.37506698484122,0.86722
1.37470243895541,0.81552
1.3743380863089,0.88337
1.37397392674806,0.9164
1.37360996011945,0.91977
1.37324618626979,0.94889
1.37288260504595,0.91044
1.37251921629499,0.83994
1.37215601986409,0.80098
1.37179301560064,0.8096
1.37143020335215,0.86084
1.37106758296631,0.8002
1.37070515429097,0.68984
1.37034291717414,0.66223
1.36998087146398,0.83123
1.36961901700885,0.74902
1.36925735365721,0.72025
1.36889588125772,0.73861
1.3685345996592,0.80094
1.36817350871061,0.8052
1.36781260826109,0.85414
1.36745189815991,0.86255
1.36709137825654,0.81129
1.36673104840057,0.74325
1.36637090844177,0.67504
1.36601095823006,0.69521
1.36565119761553,0.75417
1.36529162644842,0.8134
1.36493224457911,0.87568
1.36457305185817,0.89863
1.36421404813631,0.86636
1.3638552332644,0.80846
1.36349660709345,0.66395
1.36313816947466,0.55286
1.36277992025936,0.58399
1.36242185929905,0.71322
1.36206398644537,0.79982
1.36170630155014,0.79741
1.36134880446532,0.73511
1.36099149504302,0.75479
1.36063437313552,0.82405
1.36027743859524,0.86468
1.35992069127478,0.79598
1.35956413102686,0.71641
1.35920775770437,0.80315
1.35885157116038,0.91568
1.35849557124806,0.85459
1.35813975782078,0.81469
1.35778413073205,0.79596
1.35742868983552,0.77788
1.35707343498502,0.81831
1.3567183660345,0.85027
1.35636348283809,0.8206
1.35600878525005,0.76842
1.35565427496262,0.69358
1.35529994815381,0.7036
1.35494580651712,0.85086
1.35459184990741,0.88451
1.35423807817973,0.91707
1.35388449118925,0.95239
1.35353108879132,0.88842
1.35317787084141,0.81618
1.35282483719517,0.83776
1.35247198770839,0.86198
1.35211932223699,0.87948
1.35176684063708,0.88397
1.35141454276488,0.77199
1.35106242847678,0.66354
1.35071049762933,0.61888
1.35035875007921,0.62944
1.35000718568325,0.62882
1.34965580429844,0.71976
1.34930460578192,0.80665
1.34895358999096,0.77309
1.34860275678301,0.78965
1.34825210601563,0.84427
1.34790163754656,0.79231
1.34755135123367,0.70981
1.34720124693499,0.67051
1.34685132450868,0.71248
1.34650158381306,0.70562
1.34615202470661,0.6697
1.34580264704792,0.71159
1.34545345069577,0.85503
1.34510443550905,0.8422
1.34475560134681,0.84978
1.34440694806827,0.81285
1.34405847553275,0.78575
1.34371018359975,0.77374
1.3433620721289,0.69351
1.34301414097999,0.66656
1.34266639001294,0.62876
1.34231881908782,0.68175
1.34197142806485,0.76138
1.34162421680439,0.79823
1.34127718516694,0.87988
1.34093033301316,0.85278
1.34058366020383,0.88306
1.34023716659989,0.85965
1.33989085206243,0.77395
1.33954471645266,0.71671
1.33919875963197,0.74742
1.33885298146185,0.82432
1.33850738180396,0.80627
1.33816196052011,0.8408
1.33781671747222,0.90896
1.33747165252238,0.828
1.33712676553282,0.78343
1.3367820563659,0.72571
1.33643752488413,0.69416
1.33609317095016,0.70452
1.33574899442678,0.77518
1.33540499517693,0.83457
1.33506117306368,0.78817
1.33471752795023,0.81903
1.33437405969996,0.82222
1.33403076817635,0.79643
1.33368765324305,0.85006
