27.1485741283808,0.07591
27.0071752933391,-0.18127
26.8672417313175,-0.24234
26.7287507834531,0.03817
26.5916802556801,0.14661
26.4560084068729,0.39488
26.3217139373502,0.64611
26.1887759777272,0.7349
26.0571740781043,0.76266
25.9268881975801,0.75131
25.7978986940768,0.72331
25.670186314469,0.72711
25.5437321850029,0.73347
25.4185178019987,0.74299
25.2945250228239,0.77531
25.17173605713,0.72695
25.0501334583435,0.60656
24.9297001154021,0.63661
24.8104192447277,0.69754
24.6922743824296,0.68014
24.5752493767287,0.71544
24.4593283805965,0.7942
24.3444958446015,0.83612
24.2307365099554,0.83829
24.1180354017547,0.80519
24.0063778224088,0.70948
23.8957493452505,0.59255
23.786135808322,0.51874
23.6775233083315,0.52267
23.5698981947744,0.61416
23.463247064214,0.70076
23.3575567547169,0.73219
23.2528143404385,0.76564
23.1490071263524,0.8019
23.046122643122,0.80554
22.9441486421068,0.7874
22.8430730905013,0.77664
22.7428841666019,0.76895
22.6435702551978,0.74665
22.5451199430817,0.72773
22.4475220146777,0.74979
22.3507654477818,0.77501
22.2548394094126,0.79162
22.1597332517678,0.81175
22.0654365082841,0.8278
21.9719388897979,0.8421
21.8792302808022,0.8631
21.7873007357985,0.8722
21.6961404757404,0.87567
21.6057398845653,0.8694
21.5160895058135,0.85724
21.4271800393304,0.8349
21.3390023380505,0.82247
21.2515474048599,0.83026
21.1648063895365,0.84388
21.0787705857645,0.85423
20.9934314282207,0.86628
20.9087804897326,0.89145
20.8248094785037,0.91913
20.7415102354064,0.92086
20.6588747313391,0.90556
20.5768950646461,0.89752
20.4955634585993,0.88618
20.4148722589385,0.86463
20.3348139314705,0.85138
20.2553810597239,0.86002
20.1765663426586,0.8786
20.0983625924291,0.86955
20.0207627321991,0.82557
19.9437601917601,0.80304
19.8673473113896,0.80104
19.7915177354957,0.78309
19.7162648104145,0.77073
19.6415819832954,0.79595
19.5674628001986,0.82631
19.4939009042363,0.83777
19.4208900337547,0.84465
19.3484240205576,0.84545
19.2764967881694,0.8368
19.2051023501361,0.82213
19.1342348083647,0.80027
19.0638883514991,0.77987
18.9940572533309,0.77872
18.9247358712464,0.79884
18.855918644706,0.81709
18.7876000937576,0.81428
18.7197748175823,0.80056
18.6524374930706,0.80137
18.58558287343,0.82447
18.5192057868222,0.85253
18.4533011350293,0.86223
18.3878638921489,0.85047
18.3228891033156,0.82536
18.2583718834511,0.81551
18.1943074160397,0.83346
18.1306909519294,0.85465
18.0675178081586,0.86096
18.0047833668066,0.86082
17.9424830738689,0.85947
17.8806124381545,0.85219
17.8191670302074,0.84583
17.7581424812486,0.84764
17.6975344821416,0.86244
17.6373387823774,0.89083
17.5775511890809,0.91345
17.5181675660377,0.92173
17.4591838327399,0.92767
17.4005959634515,0.92921
17.3423999862926,0.93459
17.2845919823415,0.93835
17.2271680847555,0.93973
17.170124477908,0.94109
17.1134573965441,0.94024
17.0571631249514,0.93637
17.0012379961484,0.93873
16.9456783910878,0.93768
16.8904807378762,0.92797
16.8356415110083,0.9379
16.7811572306164,0.95769
16.7270244617344,0.95723
16.6732398135758,0.94567
16.6197999388258,0.93691
16.5667015329467,0.93444
16.5139413334968,0.93445
16.4615161194623,0.93731
16.4094227106016,0.93942
16.3576579668027,0.94324
16.3062187874513,0.93383
16.2551021108128,0.91165
16.204304913424,0.89513
16.1538242094973,0.89748
16.1036570503357,0.91187
16.0538005237585,0.92348
16.0042517535379,0.92741
15.9550078988458,0.92479
15.9060661537109,0.91647
15.8574237464857,0.91128
15.8090779393234,0.91585
15.7610260276638,0.92421
15.7132653397296,0.93122
15.6657932360306,0.93734
15.6186071088777,0.93851
15.5717043819056,0.93061
15.5250825096035,0.92959
15.4787392164461,0.94528
15.4326715366519,0.96461
15.386877255572,0.96961
15.3413539465902,0.96021
15.2960992117232,0.94934
15.2511106811992,0.94451
15.2063860130445,0.94837
15.1619228926766,0.96116
15.1177190325053,0.9682
15.0737721715404,0.96672
15.0300800750061,0.96096
14.986640533962,0.9549
14.9434513649311,0.94526
14.9005104095338,0.94657
14.8578155341284,0.9586
14.8153646294577,0.96578
14.7731556103016,0.96968
14.7311864151356,0.97174
14.6894550057954,0.96792
14.6479593671466,0.96846
14.6066975067609,0.97013
14.5656674545964,0.96273
14.5248672626849,0.956
14.4842950048229,0.95522
14.4439487762689,0.9539
14.4038266934453,0.95129
14.363926893645,0.95436
14.3242475347433,0.96109
14.2847867949145,0.96634
14.245542872353,0.96979
14.2065139849989,0.96984
14.1676983702684,0.96945
14.1290942847884,0.97283
14.0907000041356,0.97416
14.0525138225796,0.97158
14.0145340528302,0.967
13.9767590257891,0.96359
13.9391870903055,0.96378
13.901816612935,0.96215
13.8646459777033,0.95477
13.8276735858732,0.95491
13.7908978557154,0.9624
13.7543172222826,0.96662
13.7179301371882,0.96736
13.6817350683871,0.96688
13.6457304999611,0.96449
13.6099149319072,0.95946
13.5742868799291,0.95385
13.5388448752324,0.95131
13.5035874643227,0.95404
13.4685132088066,0.95719
13.4336206851966,0.95823
13.3989084847181,0.96216
13.36437521312,0.96413
13.330019490488,0.96294
13.2958399510607,0.96212
13.2618352430487,0.96403
13.2280040284563,0.96681
13.1943449829064,0.96421
13.1608567954669,0.95758
13.1275381684813,0.95412
13.0943878174006,0.95367
13.0614044706183,0.95239
13.0285868693081,0.95074
12.9959337672632,0.949
12.9634439307392,0.948
12.931116138298,0.95093
12.8989491806555,0.95323
12.8669418605302,0.94661
12.8350929924949,0.93736
12.8034014028303,0.93506
12.7718659293809,0.93644
12.7404854214129,0.93551
12.7092587394741,0.93621
12.6781849159926,0.94149
12.6472625114119,0.94659
12.6164905808309,0.94854
12.585868028565,0.94931
12.5553937695415,0.95031
12.5250667291718,0.9492
12.4948858432244,0.945
12.464850057701,0.94117
12.4349583287137,0.93653
12.4052096223638,0.93179
12.3756029146228,0.92699
12.3461371912148,0.92234
12.3168114475007,0.92294
12.2876246883643,0.92783
12.2585759280992,0.93248
12.2296641902983,0.93508
12.200888507744,0.93502
12.1722479223007,0.93101
12.1437414848085,0.92491
12.1153682549777,0.9214
12.0871273012863,0.91884
12.0590177008774,0.91427
12.0310385394589,0.91124
12.0031889112044,0.90947
11.9754679186555,0.90705
11.9478746726252,0.90572
11.920408292103,0.90747
11.893067904161,0.91291
11.8658526438615,0.92004
11.8387616541658,0.92421
11.8117940858442,0.9207
11.7849490973872,0.91031
11.7582258549183,0.89947
11.731623532107,0.89344
11.7051413100844,0.89362
11.6787783773585,0.89523
11.6525339297318,0.8937
11.6264071702192,0.88919
11.6003973089677,0.88561
11.5745035631762,0.88279
11.5487251570176,0.87472
11.523061321561,0.8598
11.4975112946952,0.84303
11.4720743210534,0.82938
11.4467496519387,0.82023
11.4215365452506,0.81151
11.3964342654127,0.79947
11.371442083301,0.78794
11.346559276173,0.78349
11.3217851275989,0.7842
11.2971189273919,0.78418
11.2725599715408,0.78382
11.2481075621432,0.78117
11.2237610073388,0.77303
11.1995196212448,0.76482
11.1753827238909,0.76007
11.1513496411563,0.75688
11.1274197047063,0.7548
11.1035922519311,0.75242
11.0798666258839,0.74948
11.056242175221,0.74704
11.0327182541421,0.74419
11.0092942223312,0.74086
10.985969444899,0.73885
10.9627432923249,0.73816
10.9396151404011,0.737
10.916584370176,0.73501
10.8936503678993,0.73227
10.8708125249675,0.73039
10.8480702378702,0.73184
10.8254229081364,0.7328
10.8028699422826,0.72813
10.7804107517607,0.72097
10.7580447529068,0.71765
10.7357714821472,0.71791
10.7135901344462,0.71727
10.6915002562271,0.71451
10.6695012828635,0.71223
10.6475926543664,0.71306
10.625773815337,0.71624
10.6040442149197,0.71937
10.5824033067555,0.72328
10.5608505489366,0.72773
10.5393854039609,0.73062
10.5180073386872,0.73289
10.4967158242914,0.73845
10.4755103362227,0.75074
10.4543903541606,0.76845
10.4333553619721,0.78861
10.41240484767,0.80909
10.3915383033713,0.82422
10.3707552252558,0.83042
10.350055113526,0.83417
10.3294374723668,0.84049
10.3089018099061,0.84462
10.2884476381752,0.84489
10.2680744730709,0.84677
10.2477818343167,0.85078
10.2275692454252,0.85131
10.207436233661,0.84637
10.1873823300037,0.8413
10.1674070691114,0.83944
10.1475099892849,0.83913
10.127690632432,0.84411
10.1079485440324,0.85652
10.0882832731028,0.86886
10.0686943721627,0.87608
10.0491813972006,0.8804
10.0297439076402,0.88553
10.0103814663073,0.89373
9.99109363939703,0.90317
9.97187999644163,0.90979
9.95274011027815,0.91242
9.93367355701695,0.91119
9.91467991601037,0.9071
9.89575876982181,0.90306
9.87690970419515,0.90135
9.85813230802448,0.90259
9.83942617332427,0.90625
9.82079089519976,0.90935
9.80222607181779,0.90926
9.78373130437792,0.9076
9.76530619708382,0.90602
9.7469503571151,0.90323
9.72866339459936,0.90082
9.7104449225846,0.90127
9.69229455701189,0.90226
9.67421191668843,0.901
9.65619662326087,0.89781
9.63824830118886,0.89287
9.620366577719,0.88764
9.60255108285904,0.88692
9.58480144935233,0.89005
9.56711731265262,0.89117
9.54949831089906,0.89091
9.53194408489157,0.89292
9.51445427806638,0.89556
9.49702853647191,0.89557
9.4796665087449,0.89172
9.46236784608679,0.88627
9.44513220224034,0.88417
9.42795923346656,0.885
9.41084859852184,0.88386
9.39379995863534,0.88168
9.37681297748666,0.88152
9.35988732118368,0.88362
9.34302265824074,0.89002
9.32621865955695,0.90049
9.30947499839481,0.90935
9.29279143671499,0.91573
9.27616747942282,0.92375
9.25960289341108,0.93294
9.24309736118628,0.93891
9.22665056751467,0.9416
9.21026219940214,0.94513
9.19393194607443,0.95057
9.17765949895743,0.95486
9.16144455165778,0.95754
9.14528679994361,0.95994
9.12918594172556,0.96184
9.11314167703788,0.96576
9.09715370801986,0.96746
9.0812217388974,0.96482
9.06534547596472,0.9635
9.04952462756636,0.96735
9.0337589040793,0.97158
9.01804801789527,0.97199
9.00239168340331,0.97209
8.98678961697242,0.97224
8.97124153693444,0.96974
8.9557471635671,0.96793
8.94030621907727,0.96914
8.92491842758431,0.97167
8.90958351510369,0.97137
8.89430120953068,0.97056
8.87907124062432,0.97241
8.86389333999142,0.97613
8.84876724107082,0.97755
8.83369267911783,0.97694
8.8186693911887,0.97635
8.8036971161254,0.97794
8.78877559454046,0.98217
8.77390456880198,0.9839
8.75908378301886,0.97857
8.74431298302601,0.97202
8.72959191636995,0.97046
8.71492033229434,0.97159
8.70029798172576,0.9738
8.68572461725964,0.9747
8.67119999314628,0.97253
8.65672386527707,0.97157
8.64229599117075,0.97458
8.62791612995995,0.97813
8.61358404237773,0.9796
8.59929949074432,0.98128
8.58506223895401,0.98304
8.5708720524621,0.98222
8.55672869827205,0.98299
8.54263194492271,0.98225
8.52858156247571,0.9797
8.51457732250295,0.97795
8.5006189980742,0.97931
8.48670636374489,0.98324
8.47283919554391,0.98462
8.45901727096166,0.98151
8.4452403689381,0.97818
8.43150826985096,0.97719
8.41782075550413,0.9775
8.40417760911602,0.97754
8.39057861530818,0.97858
8.37702356009394,0.97949
8.36351223086719,0.97841
8.35004441639126,0.97674
8.33661990678792,0.97604
8.32323849352646,0.97595
8.30989996941292,0.97403
8.29660412857938,0.97228
8.28335076647336,0.9739
8.27013967984734,0.97624
8.2569706667484,0.97734
8.24384352650786,0.97782
8.23075805973114,0.97663
8.21771406828766,0.97517
8.20471142261811,0.9756
8.19174979224289,0.97523
8.17882905029457,0.9741
8.16594900359948,0.97568
8.15310946019885,0.97772
8.14031022933932,0.97851
8.12755112146348,0.97876
8.1148319482005,0.97976
8.10215252235686,0.98143
8.08951265790719,0.9809
8.07691216998514,0.97675
8.06435087487441,0.97229
8.05182858999977,0.97238
8.03934513391825,0.97685
8.02690032631036,0.97955
8.01449398797141,0.97839
8.00212594080295,0.97706
7.98979600780414,0.97773
7.97750401306345,0.97873
7.96524978175016,0.97745
7.95303314010617,0.97447
7.94085391543774,0.97356
7.92871193610733,0.97362
7.91660703152561,0.97391
7.90453903214342,0.97553
7.89250776944384,0.97662
7.88051307593439,0.9756
7.86855478513924,0.97488
7.85663273159148,0.97653
7.84474675082553,0.97735
7.83289667936956,0.97678
7.821082354738,0.97703
7.8093036154241,0.97702
7.79756030089257,0.97482
7.78585225157232,0.97253
7.77417930884918,0.97338
7.7625413150588,0.97703
7.75093811347949,0.9805
7.73936954832521,0.98142
7.72783546473862,0.97923
7.71633570878413,0.97518
7.70487012744109,0.97334
7.69343856859698,0.97379
7.68204088104067,0.97395
7.67067691445579,0.97332
7.6593465194141,0.9743
7.64804954736893,0.97602
7.63678585064871,0.97459
7.62555528245053,0.97248
7.61435769683375,0.97388
7.6031929487137,0.97541
7.59206089385539,0.97381
7.5809613888673,0.97179
7.56989429119526,0.97092
7.55885945911629,0.97081
7.5478567517326,0.97153
7.53688602896556,0.97228
7.52594715154979,0.97395
7.51503998102723,0.97641
7.5041643797413,0.97635
7.49332021083116,0.9747
7.48250733822589,0.97507
7.47172562663887,0.9765
7.4609749415621,0.97604
7.45025514926061,0.97339
7.43956611676692,0.9706
7.42890771187555,0.96843
7.41827980313755,0.9675
7.40768225985511,0.96833
7.3971149520762,0.96977
7.38657775058926,0.97065
7.37607052691793,0.97127
7.36559315331583,0.97318
7.35514550276138,0.97387
7.34472750289768,0.97119
7.33433892009487,0.96892
7.32397968357332,0.97058
7.31364966915974,0.97392
7.30334875338045,0.97572
7.29307681345637,0.97556
7.28283372729822,0.97411
7.27261937350166,0.97261
7.26243363134246,0.97255
7.25227638077178,0.97293
7.24214750241145,0.97324
7.2320468775493,0.97333
7.22197438813447,0.97234
7.21192991677289,0.97148
7.20191334672265,0.97198
7.19192456188953,0.97364
7.18196344682248,0.9749
7.17202988670918,0.97542
7.16212376737164,0.97504
7.15224497526182,0.97224
7.14239339745727,0.96973
7.13256892165686,0.9708
7.12277143617651,0.97319
7.11300082994494,0.97407
7.10325699249946,0.97487
7.09353981398185,0.97606
7.0838491851342,0.97455
7.07418499729483,0.9714
7.06454714239421,0.97013
7.05493551295096,0.97116
7.04535000206781,0.97282
7.0357905034277,0.97292
7.02625691128978,0.97173
7.01674912048558,0.97159
7.00726702641508,0.97186
6.99781052504293,0.97086
6.98837951289457,0.97063
6.97897388705257,0.97264
6.96959354515276,0.97436
6.9602383853806,0.97384
6.95090830646749,0.97186
6.94160320768708,0.96992
6.93232298885165,0.96868
6.92306755030855,0.96722
6.9138367929366,0.96522
6.90463061814258,0.96479
6.89544892785768,0.9663
6.88629162453404,0.96691
6.87715861114131,0.96606
6.86804979116321,0.96624
6.85896506859411,0.96774
6.84990434793569,0.96827
6.84086753419356,0.96738
6.831854532874,0.96605
6.82286524998057,0.96588
6.81389959201095,0.96773
6.80495746595361,0.97009
6.79603877928464,0.97006
6.78714343996456,0.96765
6.77827135643513,0.96717
6.76942243761622,0.9696
6.7605965929027,0.97148
6.75179373216134,0.96996
6.74301376572774,0.96666
6.7342566044033,0.9653
6.72552215945218,0.96581
6.7168103425983,0.96604
6.7081210660224,0.96616
6.69945424235905,0.96653
6.69080978469376,0.9663
6.68218760656001,0.96612
6.67358762193646,0.9664
6.665009745244,0.96676
6.65645389134298,0.96761
6.64792001972518,0.96826
6.63940795761859,0.96798
6.6309176654934,0.96872
6.62244905993971,0.97075
6.6140020579732,0.97175
6.60557657703236,0.97082
6.59717253497588,0.96923
6.58878985007993,0.96923
6.5804284410355,0.97099
6.57208822694583,0.97141
6.56376912732372,0.96921
6.55547106208904,0.96804
6.54719395156605,0.96906
6.53893771648093,0.96858
6.53070227795924,0.96539
6.52248755752337,0.96338
6.51429347709007,0.96429
6.50611995896798,0.96575
6.49796692585519,0.96627
6.48983430083675,0.96655
6.4817220073823,0.96613
6.47362996934367,0.9653
6.46555811095246,0.96487
6.45750635681769,0.96425
6.44947463192348,0.9642
6.4414628616267,0.96548
6.43347097165465,0.9664
6.42549888810276,0.96641
6.41754653743234,0.96776
6.4096138464683,0.97053
6.40170074239691,0.97107
6.39380715276357,0.96925
6.38593300547059,0.9676
6.37807822877502,0.96756
6.37024275128644,0.96927
6.36242650196482,0.9702
6.35462941011837,0.96877
6.3468514054014,0.96775
6.33909241781219,0.96846
6.33135237769095,0.96848
6.32363121571766,0.96808
6.31592886291004,0.96889
6.30824525062151,0.97091
6.3005803105391,0.97394
6.29293397468147,0.97519
6.28530617539691,0.97255
6.27769684536129,0.97019
6.27010591757611,0.97108
6.26253332536656,0.97187
6.25497900237951,0.97088
6.24744288258164,0.96981
6.23992490025745,0.96941
6.2324249900074,0.96955
6.22494308674597,0.97014
6.21747912569983,0.9704
6.21003304240591,0.97027
6.20260477270961,0.97096
6.1951942527629,0.97192
6.18780141902251,0.97067
6.18042620824814,0.96923
6.17306855750061,0.96951
6.16572840414012,0.9691
6.15840568582441,0.96798
6.15110034050708,0.9678
6.14381230643574,0.96758
6.13654152215035,0.96632
6.12928792648145,0.96617
6.12205145854846,0.96748
6.11483205775796,0.96901
6.10762966380204,0.97097
6.10044421665657,0.97156
6.09327565657955,0.96974
6.08612392410947,0.9675
6.07898896006365,0.96623
6.07187070553662,0.96588
6.06476913867991,0.966
6.05768412748886,0.96645
6.05061565074752,0.96774
6.04356365064315,0.96945
6.03652806963217,0.96995
6.02950885043868,0.96911
6.02250593605286,0.96832
6.01551926972944,0.96833
6.00854879498614,0.96785
6.00159445560221,0.96655
5.99465619561685,0.96517
5.98773395932777,0.965
5.98082769128963,0.96758
5.97393733631262,0.97123
5.96706283946098,0.97214
5.96020414605151,0.97014
5.95336120165214,0.96829
5.9465339520805,0.9673
5.93972234340246,0.9672
5.93292632193074,0.96667
5.92614583422349,0.96509
5.91938082708288,0.96515
5.91263124755372,0.96706
5.90589704292208,0.96818
5.89917816071388,0.96754
5.89247454869361,0.96671
5.88578615486287,0.9659
5.87911292745913,0.96567
5.87245481495431,0.96702
5.8658117660535,0.96812
5.85918372969364,0.96786
5.85257065504218,0.96779
5.84597249149583,0.96742
5.83938918867924,0.9653
5.83282069644369,0.96357
5.82626696486589,0.96435
5.81972794424663,0.9668
5.81320358510961,0.96818
5.80669383820012,0.96776
5.80019865448384,0.96766
5.79371798514558,0.9685
5.7872517815881,0.9688
5.78079999543086,0.9679
5.77436257850881,0.96745
5.76793948287123,0.96768
5.7615306607805,0.96765
5.75513606471093,0.96731
5.7487556473476,0.96684
5.74238936158515,0.96597
5.73603716052669,0.96549
5.72969899748259,0.96599
5.72337482596934,0.9669
5.71706459970846,0.96825
5.71076827262532,0.96923
5.70448579884803,0.96902
5.69821713270637,0.96772
5.69196222873061,0.9659
5.68572104165048,0.96505
5.67949352639401,0.96583
5.67327963808651,0.96653
5.66707933204947,0.96575
5.66089256379945,0.96511
5.65471928904707,0.96622
5.64855946369594,0.96789
5.64241304384158,0.96688
5.63627998577042,0.96328
5.63016024595873,0.96152
5.6240537810716,0.96318
5.61796054796194,0.96524
5.61188050366942,0.96573
5.60581360541949,0.96574
5.59975981062239,0.96624
5.59371907687212,0.96734
5.58769136194546,0.96837
5.5816766549561,0.96864
5.57567485166628,0.96785
5.56968594161754,0.96624
5.56370988330803,0.96413
5.55774663541383,0.96197
5.55179615678799,0.96135
5.54585840645959,0.96279
5.53993334363281,0.96357
5.53402092768597,0.96241
5.52812111817063,0.96061
5.52223387481064,0.96032
5.51635915750125,0.962
5.51049692630818,0.96278
5.50464714146674,0.96188
5.49880976338088,0.96186
5.49298475262236,0.96275
5.48717206992982,0.96365
5.4813716762079,0.965
5.47558353252639,0.96526
5.46980760011934,0.96332
5.4640438403842,0.96209
5.45829221488093,0.96357
5.45255268533122,0.96521
5.44682521361754,0.96432
5.44110976178239,0.9618
5.43540629202741,0.96011
5.42971476671255,0.95999
5.42403514835525,0.96085
5.41836739962963,0.96208
5.41271148336565,0.96368
5.40706736254831,0.96526
5.40143500031682,0.96597
5.39581435996385,0.96601
5.39020540493468,0.96604
5.38460809882643,0.96639
5.37902240538726,0.96724
5.37344828851561,0.96728
5.36788571225941,0.96567
5.3623346408153,0.96379
5.35679503852786,0.96229
5.35126686988887,0.96112
5.34575009953653,0.96024
5.3402446922547,0.96097
5.33475061297218,0.96366
5.32926782676194,0.9654
5.32379629884038,0.96438
5.31833599456662,0.96236
5.31288687944173,0.96118
5.30744891910804,0.96105
5.3020220793484,0.96099
5.29660632608545,0.961
5.29120162538095,0.96227
5.285807943435,0.96395
5.28042524658543,0.96448
5.275053501307,0.96391
5.26969267421078,0.96257
5.26434273204342,0.96141
5.25900364168647,0.96127
5.25367537015571,0.96183
5.24835788460044,0.96328
5.24305115230284,0.9646
5.23775514067728,0.96387
5.23246981726965,0.96233
5.22719514975671,0.96144
5.22193110594543,0.96122
5.21667765377231,0.96187
5.21143476130276,0.96233
5.20620239673046,0.96289
5.20098052837666,0.96387
5.19576912468961,0.96315
5.19056815424388,0.9608
5.18537758573974,0.95911
5.18019738800254,0.95886
5.17502752998208,0.95949
5.16986800747952,0.95997
5.16471873618341,0.95963
5.1595797121941,0.96013
5.15445090495303,0.96215
5.149332284023,0.96271
5.14422381908761,0.96097
5.13912547995064,0.95999
5.13403723653546,0.96107
5.12895905888443,0.96304
5.12389091715834,0.96426
5.11883278163577,0.96393
5.11378462271259,0.96224
5.1087464109013,0.96103
5.1037181168305,0.96151
5.09869971124432,0.9623
5.09369116500184,0.96201
5.08869244907654,0.96053
5.08370353455571,0.95917
5.07872439263992,0.95948
5.07375499464247,0.96097
5.06879531198881,0.9618
5.06384531621602,0.96107
5.05890497897226,0.95993
5.0539742720162,0.95955
5.04905316721652,0.96104
5.04414163655138,0.96384
5.03923965210783,0.96516
5.03434718608134,0.9642
5.02946421077527,0.96255
5.0245906986003,0.96146
5.01972662207396,0.96175
5.01487195382009,0.96287
5.01002666656834,0.96351
5.00519073315363,0.96298
5.00036412651569,0.9613
4.99554681969852,0.95982
4.99073878584987,0.96009
4.98593999822082,0.9608
4.98115043016518,0.96037
4.97637005513908,0.96029
4.97159884670043,0.96155
4.96683677850847,0.96201
4.96208382432326,0.96104
4.95733995800518,0.9608
4.95260515351452,0.9617
4.94787938491091,0.9622
4.94316262635292,0.96092
4.93845485209757,0.95965
4.93375603649985,0.96025
4.92906615401224,0.96056
4.92438517918429,0.9593
4.91971308666213,0.95968
4.91504985118802,0.96217
4.91039544759988,0.96236
4.90574985083086,0.95896
4.9011130359089,0.95592
4.89648497795622,0.95654
4.89186565218896,0.95948
4.88725503391667,0.96097
4.88265309854191,0.96051
4.87805982155979,0.95958
4.87347517855755,0.95878
4.86889914521412,0.95866
4.86433169729968,0.95826
4.85977281067527,0.95683
4.8552224612923,0.95604
4.8506806251922,0.95673
4.84614727850594,0.95781
4.84162239745366,0.95794
4.83710595834422,0.9563
4.83259793757478,0.95428
4.82809831163044,0.95518
4.82360705708376,0.95825
4.81912415059443,0.95995
4.81464959208965,0.9598
4.81018331199736,0.95885
4.80572531046007,0.95833
4.80127556448177,0.95889
4.79683405115157,0.9588
4.79240074764327,0.9568
4.78797563121499,0.95489
4.78355867920874,0.95495
4.7791498690501,0.95603
4.77474917824776,0.95691
4.7703565843932,0.95757
4.76597206516028,0.95752
4.76159559830484,0.95619
4.7572271616644,0.95483
4.75286673315769,0.95489
4.74851429078434,0.95679
4.74416981262451,0.95945
4.73983327683847,0.95922
4.7355046616663,0.95627
4.7311839454275,0.95503
4.72687110652058,0.95618
4.7225661234228,0.95736
4.71826897468972,0.95854
4.71397963895488,0.95982
4.70969809492948,0.95979
4.70542432140194,0.95859
4.70115829723764,0.95767
4.69690000137854,0.95742
4.6926494128428,0.95671
4.68840651072448,0.9546
4.68417127419319,0.95274
4.67994368249371,0.95396
4.67572371494572,0.957
4.67151135094339,0.95808
4.6673065699551,0.95706
4.66310935152307,0.95633
4.65891967526305,0.95693
4.65473752086399,0.95824
4.65056286808769,0.95916
4.6463956967685,0.95919
4.64223598681299,0.95888
4.63808371819959,0.95883
4.63393887097833,0.95768
4.62980142527048,0.95522
4.62567136126824,0.95434
4.62154865923443,0.95642
4.61743329950217,0.9587
4.61332526247456,0.95864
4.6092245286244,0.95679
4.60513107849384,0.95564
4.60104489269409,0.95567
4.59696595190512,0.95508
4.59289423687535,0.95428
4.58882972842135,0.95584
4.58477240742754,0.95834
4.58072225484587,0.95782
4.57667925169555,0.95541
4.57264337906274,0.95427
4.56861461810025,0.95375
4.56459295002727,0.95269
4.56057835612904,0.95277
4.5565708177566,0.95472
4.55257031632647,0.95679
4.54857683332038,0.95799
4.54459035028498,0.95778
4.54061084883155,0.95553
4.53663831063574,0.95271
4.53267271743724,0.95089
4.52871405103956,0.95006
4.52476229330971,0.9505
4.52081742617793,0.95208
4.51687943163745,0.95354
4.51294829174415,0.95384
4.50902398861634,0.95281
4.50510650443448,0.95208
4.50119584170166,0.95287
4.49729194216515,0.95408
4.49339480848621,0.95391
4.48950442309118,0.95308
4.48562076846722,0.95286
4.48174382716202,0.95269
4.47787358178355,0.95216
4.47401001499983,0.95189
4.47015310953863,0.95245
4.46630284818723,0.9534
4.46245921379216,0.95427
4.45862218925893,0.95476
4.45479175755184,0.95412
4.45096790169364,0.95238
4.44715060476534,0.95188
4.44333984990594,0.95283
4.43953562031216,0.95227
4.43573789923826,0.951
4.43194666999571,0.95262
4.42816191595301,0.95656
4.42438362053541,0.95843
4.42061176722469,0.95726
4.41684633955891,0.95635
4.41308732113216,0.95579
4.40933469559435,0.95395
4.40558844665093,0.95321
4.4018485580627,0.9542
4.39811501364555,0.95421
4.39438779727023,0.95461
4.39066689286212,0.95668
4.38695228440099,0.95769
4.3832439559208,0.95527
4.37954189150943,0.95139
4.37584607530847,0.94928
4.37215649151301,0.94877
4.36847312437138,0.94842
4.36479595818498,0.94916
4.36112497730798,0.951
4.35746016614717,0.95276
4.3538015091617,0.95411
4.35014899086288,0.95434
4.34650259581393,0.95282
4.34286230862982,0.95013
4.33922811397698,0.94839
4.33559999657314,0.94921
4.33197794118711,0.95089
4.32836193263853,0.95191
4.32475195579771,0.95346
4.32114799558538,0.95469
4.31755003697248,0.95351
4.31395806497998,0.95171
4.31037206467865,0.95193
4.30679202118887,0.9552
4.30321791968039,0.95827
4.29964974537216,0.95746
4.29608748353213,0.95231
4.29253111947701,0.94644
4.28898063857209,0.94424
4.28543602623105,0.94753
4.28189726791575,0.95278
4.27836434913603,0.95554
4.27483725544949,0.95525
4.27131597246136,0.95372
4.26780048582421,0.95166
4.26429078123786,0.94941
4.26078684444908,0.94881
4.25728866125147,0.95065
4.25379621748527,0.95292
4.2503094990371,0.95306
4.24682849183985,0.95215
4.24335318187244,0.95351
4.23988355515966,0.95539
4.23641959777196,0.95383
4.23296129582527,0.95097
4.22950865336957,0.94928
4.22606162080459,0.94745
4.22262020229957,0.94632
4.21918438415053,0.94657
4.21575415269806,0.94809
4.21232949432716,0.95006
4.20891039546699,0.95058
4.20549684259077,0.94975
4.20208882221556,0.95008
4.19868632090208,0.95144
4.19528932525454,0.95264
4.19189782192049,0.95394
4.1885117975906,0.95446
4.18513123899852,0.95229
4.18175613292068,0.9491
4.17838646617615,0.94857
4.17502222562644,0.9504
4.17166339817535,0.95138
4.16830997076877,0.95156
4.16496193039455,0.95276
4.16161926408231,0.95318
4.15828195890326,0.95232
4.15495000197007,0.95227
4.15162338043667,0.95236
4.1483020814981,0.95236
4.14498609239034,0.95277
4.14167540039015,0.95187
4.13836999281492,0.94956
4.13506985702247,0.94891
4.13177498041094,0.95124
4.12848535041859,0.95357
4.12520095452365,0.95371
4.12192178024417,0.95302
4.11864781513785,0.95236
4.11537904680191,0.95102
4.1121154628729,0.94982
4.10885705102654,0.94933
4.1056037989776,0.94911
4.10235569447973,0.94968
4.09911272532531,0.95026
4.09587487934525,0.95032
4.09264214440894,0.95139
4.08941450842398,0.95204
4.08619195933611,0.9519
4.08297448512906,0.9524
4.07976207382433,0.9517
4.07655471348113,0.94923
4.07335239219615,0.94831
4.0701550981035,0.94917
4.06696281937447,0.94919
4.06377554421747,0.94857
4.06059326087781,0.94831
4.05741595763762,0.94818
4.05424362281567,0.94904
4.05107624476721,0.95135
4.04791381188388,0.95287
4.04475631259354,0.95274
4.0416037353601,0.95251
4.03845606868344,0.95281
4.03531330109922,0.95168
4.03217542117877,0.94973
4.02904241752892,0.95003
4.0259142787919,0.95166
4.02279099364518,0.95189
4.01967255080136,0.95058
4.01655893900796,0.94849
4.0134501470474,0.94729
4.01034616373675,0.94786
4.00724697792768,0.94901
4.00415257850629,0.95092
4.00106295439297,0.95348
3.99797809454229,0.95421
3.99489798794286,0.95278
3.9918226236172,0.95126
3.98875200653172,0.94956
3.98568609393165,0.94881
3.98262489087508,0.95062
3.97956838651886,0.95145
3.97651657005309,0.94968
3.97346943070101,0.94862
3.97042695771887,0.94959
3.96738914039579,0.95085
3.96435596805367,0.95024
3.961327430047,0.94863
3.95830351576281,0.94857
3.95528421462049,0.95001
3.95226951607171,0.95211
3.94925940960025,0.95434
3.94625388472192,0.95444
3.94325293098441,0.9527
3.9402565379672,0.95108
3.93726469528138,0.94943
3.93427739256962,0.94877
3.93129461950595,0.94982
3.92831636579574,0.95021
3.92534262117548,0.94879
3.92237337541276,0.94677
3.91940861830609,0.94571
3.91644833968478,0.94655
3.91349252940888,0.94834
3.910541177369,0.94922
3.90759427348624,0.94909
3.90465180771205,0.9488
3.90171377002812,0.94818
3.89878015044628,0.94778
3.89585093900838,0.94809
3.89292612578616,0.94826
3.89000570088115,0.94767
3.88708965442459,0.94675
3.88417797657726,0.94763
3.8812706575294,0.95087
3.87836768750062,0.95266
3.87546905673974,0.95103
3.87257475552474,0.94979
3.8696847741626,0.95177
3.86679910298922,0.95406
3.86391773236931,0.95337
3.86104065269626,0.95148
3.85816785439207,0.9512
3.85529932790721,0.95109
3.85243506372055,0.94899
3.84957505233921,0.94628
3.84671928429849,0.94513
3.84386775016176,0.94464
3.84102044052034,0.94486
3.8381773459934,0.94754
3.8353384572279,0.95098
3.8325037648984,0.95193
3.82967325970705,0.95089
3.82684693238343,0.95041
3.82402477368446,0.95062
3.82120677439433,0.95031
3.81839292532435,0.94997
3.81558321731289,0.95048
3.81277764122526,0.95173
3.80997618795362,0.95232
3.80717884841688,0.95126
3.80438561356058,0.94954
3.80159647435685,0.9487
3.79881142180425,0.94947
3.79603044692769,0.95073
3.79325354077838,0.95085
3.79048069443365,0.95019
3.78771189899693,0.95053
3.78494714559763,0.95226
3.78218642539101,0.95379
3.77942972955814,0.95389
3.77667704930579,0.95217
3.77392839010883,0.9492
3.77118371471937,0.9469
3.76844302868395,0.94727
3.76570632331117,0.94907
3.76297358993487,0.94942
3.760244819914,0.94938
3.75752000463257,0.95022
3.75479913549955,0.94932
3.75208220394877,0.9475
3.74936920143884,0.94873
3.74666011945304,0.95121
3.74395494949927,0.95174
3.74125368310992,0.95129
3.73855631184182,0.95092
3.73586282727611,0.95036
3.73317322101818,0.94972
3.73048748469759,0.95023
3.72780560996795,0.95162
3.72512758850688,0.95157
3.72245341201587,0.95114
3.71978307222025,0.95259
3.71711656086904,0.95405
3.71445386973494,0.95332
3.71179499061419,0.95094
3.70913991532649,0.94828
3.70648863571496,0.94627
3.70384114364599,0.94578
3.70119743100923,0.94612
3.69855748971743,0.94603
3.69592131170642,0.94552
3.69328888893501,0.94522
3.69066021338489,0.94634
3.68803527706057,0.94835
3.68541407198928,0.94875
3.68279659022091,0.94836
3.68018282382791,0.94964
3.67757276490523,0.95125
3.67496640557023,0.95122
3.67236373796258,0.95129
3.66976475424424,0.95218
3.6671694465993,0.9519
3.66457780723398,0.95179
3.66198982837649,0.9531
3.65940550227699,0.95359
3.6568248212075,0.95276
3.65424777746184,0.95191
3.6516743633555,0.95247
3.64910457122563,0.95394
3.64653839343094,0.95276
3.6439758223516,0.94902
3.6414168503892,0.94697
3.63886146996663,0.94784
3.63630967352808,0.95037
3.63376145353888,0.95386
3.63121680248549,0.95688
3.62867571287539,0.95721
3.62613817723701,0.95551
3.62360418811969,0.95313
3.62107373809355,0.94955
3.61854681974948,0.94623
3.61602342569902,0.94504
3.61350354857431,0.94573
3.61098718102801,0.94699
3.60847431573323,0.94764
3.60596494538346,0.94936
3.60345906269252,0.95364
3.60095666039444,0.95583
3.59845773124343,0.95289
3.59596226801382,0.94988
3.59347026349994,0.94987
3.59098171051609,0.94968
3.58849660189647,0.94856
3.58601493049509,0.94851
3.58353668918572,0.94927
3.58106187086182,0.94974
3.57859048124276,0.95016
3.57612248763091,0.95018
3.57365789580236,0.9496
3.57119669872863,0.94886
3.56873888940061,0.94814
3.56628446082843,0.94716
3.56383340604147,0.94673
3.56138571808826,0.94668
3.55894139003638,0.94649
3.55650041497247,0.94813
3.5540627860021,0.95116
3.55162849624973,0.95318
3.54919753885866,0.95344
3.54676990699092,0.95276
3.54434559382728,0.95287
3.5419245925671,0.95344
3.53950689642833,0.95323
3.53709249864742,0.95298
3.53468139247925,0.95366
3.53227357119711,0.95395
3.52986902809257,0.95379
3.52746775647548,0.95408
3.52506974967387,0.9533
3.5226750010339,0.95132
3.52028350391982,0.95023
3.51789525171385,0.94997
3.51551023781618,0.95044
3.51312845564489,0.95205
3.51074989863587,0.95386
3.50837456024279,0.95559
3.50600243393701,0.95644
3.50363351320754,0.95549
3.50126779156099,0.95476
3.49890526252146,0.95562
3.49654591963056,0.95597
3.49418975644729,0.95536
3.49183676654798,0.95528
3.48948694352628,0.95463
3.48714028099307,0.95202
3.48479677257638,0.94911
3.48245641192138,0.94912
3.4801191926903,0.95229
3.47778510856237,0.95539
3.47545415323375,0.95672
3.47312632041751,0.95699
3.47080160384354,0.9557
3.46847999725851,0.95317
3.46616149442582,0.95265
3.46384608912552,0.95345
3.46153377515427,0.95231
3.4592245463253,0.95027
3.4569183964683,0.94955
3.45461531942945,0.95058
3.45231530907129,0.95208
3.4500183592727,0.95187
3.44772446392884,0.9499
3.44543361695109,0.94913
3.44314581226702,0.95186
3.44086104382029,0.95567
3.43857930557066,0.95699
3.43630059149386,0.95627
3.43402489558161,0.95535
3.43175221184151,0.95437
3.42948253429705,0.95294
3.42721585698749,0.95278
3.42495217396784,0.95436
3.42269147930882,0.95394
3.42043376709678,0.95189
3.41817903143368,0.95199
3.415927266437,0.9528
3.41367846623973,0.95205
3.41143262499029,0.95295
3.40918973685249,0.95687
3.40694979600547,0.95977
3.40471280823576,0.95867
3.40247874455367,0.95578
3.40024761079136,0.95479
3.39801940118886,0.95417
3.39579411000123,0.95156
3.39357173149861,0.95001
3.39135225996612,0.95204
3.3891356897038,0.95424
3.38692201502663,0.95377
3.38471123026438,0.95267
3.38250332976165,0.95239
3.38029830787777,0.95214
3.37809615898677,0.95174
3.37589687747735,0.94992
3.37370045775279,0.94762
3.37150689423093,0.94886
3.36931618134413,0.95203
3.3671283135392,0.95309
3.36494328527738,0.95289
3.36276109103425,0.95167
3.36058172529974,0.94973
3.35840518257804,0.95049
3.35623145738756,0.95314
3.35406054426092,0.95428
3.35189243774486,0.95424
3.3497271324002,0.95402
3.34756462280182,0.95188
3.34540490353861,0.94932
3.34324796921339,0.95094
3.34109381444291,0.9545
3.33894243385778,0.95486
3.33679382210242,0.95384
3.33464797383504,0.95445
3.33250488372759,0.95382
3.33036454646568,0.95062
3.32822695674858,0.94814
3.32609210928917,0.94869
3.32395999881388,0.95144
3.32183062006264,0.9545
3.31970396778886,0.95528
3.31758003675938,0.95227
3.31545882175443,0.9488
3.31334031756757,0.94958
3.31122451900565,0.95124
3.3091114208888,0.94912
3.30700101805034,0.94747
3.30489330533679,0.94902
3.30278827760777,0.95049
3.30068592973601,0.95028
3.29858625660727,0.94945
3.29648925312033,0.94902
3.29439491418693,0.94933
3.29230323473172,0.95023
3.29021420969224,0.95103
3.28812783401888,0.95162
3.28604410267483,0.95155
3.28396301063601,0.95119
3.2818845528911,0.95243
3.27980872444142,0.95567
3.27773552030097,0.95796
3.27566493549631,0.95671
3.27359696506659,0.9526
3.27153160406345,0.94927
3.26946884755104,0.94851
3.26740869060593,0.94973
3.2653511283171,0.95119
3.26329615578589,0.95198
3.26124376812597,0.95265
3.25919396046329,0.95409
3.25714672793603,0.95517
3.25510206569461,0.95475
3.25305996890159,0.95438
3.25102043273169,0.95407
3.2489834523717,0.95211
3.24694903356315,0.94932
3.24491715041837,0.947
3.24288780871611,0.94576
3.24086100369115,0.94733
3.23883673059021,0.9508
3.23681498467184,0.95231
3.23479576120645,0.95269
3.23277905547623,0.95511
3.23076486277514,0.9572
3.22875317840884,0.95549
3.22674399769471,0.9512
3.22473731596174,0.94776
3.22273312855056,0.94742
3.22073143081335,0.95022
3.21873221811386,0.95227
3.21673548582732,0.95232
3.21474122934045,0.95232
3.21274944405138,0.95205
3.21076012536965,0.95067
3.20877326871617,0.94971
3.20678886952316,0.95063
3.20480692323415,0.95112
3.20282742530391,0.94922
3.20085037119846,0.94817
3.19887575639497,0.94994
3.19690357638179,0.95175
3.19493382665838,0.95267
3.1929665027353,0.95329
3.19100160013413,0.95297
3.18903911438751,0.9528
3.18707904103902,0.95333
3.18512137564322,0.95307
3.18316611376557,0.95284
3.18121325098241,0.95342
3.17926278288095,0.95271
3.17731470505919,0.94994
3.17536901312592,0.9481
3.1734257027007,0.94932
3.17148476941377,0.95112
3.1695462089061,0.9519
3.16761001682926,0.95438
3.16567618884548,0.95772
3.16374472062755,0.95775
3.16181560785883,0.95437
3.1598888462332,0.95144
3.15796443145502,0.95021
3.15604235923912,0.95056
3.15412262531075,0.95364
3.15220522540556,0.95799
3.15029015526955,0.95847
3.14837741065906,0.95439
3.14646698734074,0.94918
3.14455888109149,0.94747
3.14265308769846,0.95081
3.140749602959,0.95498
3.13884842268064,0.95572
3.13694954268107,0.95396
3.13505295878805,0.95372
3.13315866683948,0.95582
3.13126666268328,0.95477
3.12937694217739,0.95056
3.12748950118976,0.94949
3.12560433559829,0.95228
3.12372144129082,0.95474
3.1218408141651,0.95573
3.11996245012873,0.95653
3.11808634509917,0.95583
3.1162124950037,0.95143
3.11434089577937,0.94615
3.11247154337299,0.94613
3.11060443374109,0.95089
3.10873956284991,0.95421
3.10687692667536,0.95373
3.10501652120296,0.95182
3.10315834242786,0.9506
3.10130239597288,0.95111
3.09944865860465,0.9526
3.09759713597656,0.95381
3.09574782412191,0.95431
3.09390071908348,0.95204
3.09205581691346,0.94824
3.09021311367349,0.94851
3.08837260543455,0.95206
3.086534288277,0.95474
3.08469815829053,0.95604
3.08286421157411,0.95439
3.081032444236,0.95169
3.0792028523937,0.95255
3.07737543217391,0.95442
3.07555017971255,0.95398
3.07372709115467,0.95461
3.07190616265448,0.95653
3.07008739037528,0.95529
3.06827077048946,0.95105
3.06645629917847,0.94766
3.06464397263277,0.94876
3.06283378705183,0.95148
3.06102573864411,0.95356
3.05921982362698,0.95522
3.05741603822677,0.95399
3.05561437867869,0.95104
3.05381484122681,0.95173
3.05201742212404,0.95525
3.05022211763214,0.95531
3.04842892402162,0.95181
3.04663783757178,0.94907
3.04484885457064,0.94781
3.04306197131496,0.94861
3.04127718411016,0.95257
3.03949448927035,0.95456
3.03771388311825,0.95175
3.03593536198521,0.94883
3.03415892221116,0.94732
3.0323845601446,0.94592
3.03061227214255,0.94657
3.02884205457054,0.94999
3.02707390380262,0.95134
3.02530781622128,0.94711
3.02354378821742,0.94305
3.02178181619041,0.94573
3.02002189654796,0.95107
3.01826402570617,0.95426
3.01650820008947,0.95657
3.0147544161306,0.95849
3.0130026702706,0.9591
3.01125295895879,0.9574
3.0095052786527,0.95504
3.0077596258181,0.95431
3.00601599692896,0.95491
3.00427438846741,0.95815
3.00253479692372,0.96302
3.00079721879632,0.96428
2.9990616505917,0.95928
2.99732808882445,0.95315
2.99559653001721,0.95123
2.99386697070064,0.95246
2.99213940741343,0.95362
2.99041383670224,0.9536
2.98869025512168,0.95347
2.98696865923433,0.95459
2.98524904561066,0.95597
2.98353141082903,0.95529
2.9818157514757,0.95111
2.98010206414475,0.94771
2.97839034543809,0.94982
2.97668059196544,0.95322
2.97497280034431,0.95265
2.97326696719993,0.95183
2.97156308916531,0.95387
2.96986117170123,0.95523
2.96816119380583,0.95479
2.96646316096537,0.9562
2.96476706984356,0.959
2.96307291711174,0.95987
2.96138069944886,0.95881
2.95969041354144,0.95639
2.95800205608356,0.95091
2.95631562377686,0.94473
2.95463111333047,0.9427
2.95294852146104,0.94524
2.95126784489267,0.95003
2.94958908035694,0.95494
2.94791222459285,0.95783
2.9462372743468,0.95746
2.94456422637261,0.95508
2.94289307743144,0.95169
2.94122382429181,0.94754
2.93955646372957,0.94458
2.93789099252787,0.94404
2.93622740747715,0.94664
2.93456570537513,0.9513
2.93290588302675,0.95454
2.93124793724419,0.95491
2.92959186484682,0.95425
2.92793766266121,0.95507
2.92628532752109,0.95693
2.92463485626733,0.9554
2.92298624574792,0.95304
2.92133949281795,0.95405
2.91969459433962,0.95549
2.91805154718215,0.95405
2.91641034822185,0.95289
2.914770994342,0.95544
2.91313348243294,0.95781
2.91149780939196,0.9584
2.90986397212332,0.95993
2.90823196753822,0.95881
2.90660179255481,0.95309
2.90497344409811,0.94982
2.90334691910006,0.95253
2.90172221449945,0.95451
2.90009932724192,0.95221
2.89847825427994,0.95065
2.89685899257279,0.95314
2.89524153908655,0.95444
2.89362589079405,0.95365
2.8920120446749,0.95375
2.89039999771543,0.9532
2.88878974690868,0.95089
2.88718128925441,0.94918
2.88557462175902,0.94852
2.88396974143562,0.94669
2.88236664530391,0.94366
2.88076533039025,0.94223
2.87916579372759,0.94405
2.87756803235547,0.94704
2.87597204331998,0.94861
2.8743778236738,0.94896
2.8727853704761,0.94813
2.87119468079258,0.94683
2.86960575169544,0.94679
2.86801858026335,0.94728
2.86643316358144,0.94792
2.86484949874129,0.94924
2.8632675828409,0.94993
2.86168741298467,0.94917
2.86010898628339,0.94809
2.85853229985423,0.94838
2.8569573508207,0.95012
2.85538413631266,0.95219
2.85381265346627,0.95383
2.85224289942402,0.95349
2.85067487133465,0.95128
2.84910857447061,0.95057
2.84754398974941,0.95097
2.84598112246492,0.94989
2.84441996979084,0.9487
2.84286052890709,0.94894
2.84130279699978,0.94834
2.83974677126117,0.94614
2.83819244888965,0.9444
2.83663982708978,0.94511
2.83508890307221,0.94718
2.83353967405368,0.94778
2.83199213725703,0.9464
2.83044628991115,0.94645
2.82890212925098,0.94971
2.8273596525175,0.95387
2.82581885695769,0.95611
2.82427973982453,0.95543
2.82274229837699,0.9532
2.82120652988,0.95109
2.81967243160444,0.94937
2.81814000082712,0.94855
2.81660923483078,0.94894
2.81508013090404,0.94885
2.81355268634142,0.94824
2.8120268984433,0.94789
2.81050276451591,0.94645
2.80898028187134,0.94468
2.80745944782747,0.94558
2.80594025970801,0.94793
2.80442271484244,0.94728
2.80290681056603,0.94478
2.80139254421981,0.94497
2.79987991315053,0.949
2.79836891471068,0.95448
2.79685954625848,0.9565
2.79535180515783,0.95434
2.7938456887783,0.95248
2.79234119449515,0.95244
2.79083831968927,0.95203
2.78933706174721,0.94953
2.7878374180611,0.94818
2.78633938602872,0.95253
2.78484296305342,0.95896
2.78334814654411,0.96076
2.7818549339153,0.95783
2.780363322587,0.95419
2.77887330998478,0.95149
2.77738489353971,0.94915
2.77589807068838,0.94832
2.77441283887285,0.94944
2.77292919554066,0.95023
2.77144713814479,0.9504
2.76996666414369,0.95137
2.76848777100121,0.95151
2.76701045618664,0.95008
2.76553471717464,0.94919
2.76406055144528,0.9502
2.76258795648399,0.95288
2.76111692978155,0.95578
2.75964746883409,0.95587
2.75817957114307,0.95251
2.75671323421525,0.94747
2.7552484555627,0.94257
2.75378523270277,0.94114
2.75232356315809,0.9439
2.75086344445653,0.9488
2.74940487413121,0.95331
2.7479478497205,0.95559
2.74649236876796,0.9541
2.74503842882235,0.94905
2.74358602743764,0.94591
2.74213516217296,0.94662
2.74068583059259,0.94891
2.73923803026598,0.9541
2.7377917662632,0.95888
2.73634702116502,0.95873
2.73490380005967,0.9548
2.73346210053704,0.95126
2.7320219201921,0.94992
2.73058325662488,0.94927
2.72914610744047,0.94765
2.72771047024899,0.9457
2.72627634266561,0.94581
2.72484372231048,0.94606
2.72341260680877,0.94327
2.72198299379063,0.94257
2.7205548808912,0.94743
2.71912826575054,0.9499
2.71770314601371,0.94729
2.71627951933065,0.94605
2.71485738335627,0.94678
2.71343673575037,0.94702
2.71201757417763,0.94661
2.71059989630763,0.94522
2.70918369981482,0.94178
2.7077689823785,0.94024
2.70635574168283,0.93887
2.70494397541678,0.93593
2.70353368127415,0.93462
2.70212485695356,0.93541
2.70071750015841,0.93372
2.69931160859688,0.93017
2.69790717998193,0.92843
2.69650421203126,0.92619
2.69510270246734,0.92245
2.69370264901735,0.92194
2.69230404941321,0.9222
2.69090690139153,0.91991
2.68951120269363,0.91952
2.6881169510655,0.92232
2.68672414425781,0.92264
2.68533278002588,0.91972
2.68394285612971,0.91732
2.68255437033388,0.91495
2.68116732040765,0.91077
2.67978170412485,0.90657
2.67839751926393,0.90376
2.67701476360792,0.90147
2.67563343494444,0.8996
2.67425353106564,0.89781
2.67287504976826,0.8944
2.67149798885357,0.89079
2.67012234612735,0.89145
2.66874811939992,0.89372
2.66737530648609,0.89436
2.66600390520518,0.89525
2.66463391338097,0.896
2.66326532884173,0.8953
2.66189814942019,0.89274
2.66053237295351,0.88907
2.65916799728331,0.88864
2.65780502025561,0.89211
2.65644343972086,0.89476
2.65508325353392,0.89474
2.65372445955402,0.89357
2.65236705564478,0.89162
2.6510110396742,0.88848
2.64965640951462,0.88513
2.64830316304273,0.88268
2.64695129813956,0.8816
2.64560081269047,0.88262
2.64425170458513,0.88467
2.6429039717175,0.88638
2.64155761198585,0.88633
2.64021262329272,0.88327
2.63886900354491,0.88063
2.6375267506535,0.88317
2.63618586253381,0.8896
2.63484633710539,0.89263
2.63350817922739,0.88838
2.63217137295004,0.88111
2.63083592314795,0.87621
2.62950182775752,0.8771
2.62816908471933,0.88131
2.62683769197813,0.88361
2.62550764748284,0.88298
2.62417894918654,0.88274
2.62285159504641,0.88444
2.62152558302382,0.88518
2.62020091108421,0.8829
2.61887757719716,0.87868
2.61755557933634,0.87525
2.61623491547951,0.87829
2.61491558360851,0.88733
2.61359758170925,0.89379
2.61228090777169,0.89377
2.61096555978985,0.88976
2.60965153576179,0.88531
2.60833883368958,0.8818
2.60702745157933,0.87962
2.60571738744115,0.87971
2.60440863928912,0.87998
2.60310120514137,0.87882
2.60179508301994,0.87759
2.60049027095088,0.87612
2.59918676696419,0.8761
2.59788456909381,0.8795
2.59658367537762,0.88258
2.59528408385744,0.88282
2.59398579257899,0.88572
2.5926887995919,0.89179
2.59139310294973,0.89409
2.59009870070988,0.89146
2.58880559093367,0.88982
2.58751377168627,0.89081
2.58622324103671,0.8895
2.58493399705787,0.88488
2.5836460378265,0.88177
2.58235936142312,0.88282
2.58107396593214,0.88559
2.57978984944174,0.88678
2.5785070100439,0.88646
2.57722544583442,0.88774
2.57594515491287,0.89188
2.57466613538259,0.89525
2.5733883853507,0.89471
2.57211190292804,0.89292
2.57083668622925,0.89291
2.56956273337267,0.89441
2.56829004248036,0.89519
2.56701861167814,0.89352
2.56574843909551,0.89176
2.56447952286566,0.89229
2.5632118611255,0.89295
2.5619454520156,0.89238
2.56068029368022,0.89408
2.55941638426727,0.89923
2.55815372192833,0.90292
2.5568923048186,0.90285
2.55563213109694,0.90025
2.55437319892583,0.89717
2.55311550647137,0.89813
2.55185905190326,0.90212
2.55060383339483,0.90253
2.54934984912297,0.90012
2.54809709726818,0.89799
2.5468455760145,0.89399
2.54559528354957,0.88837
2.54434621806457,0.88633
2.54309837775424,0.8897
2.54185176081684,0.89333
2.54060636545419,0.89462
2.5393621898716,0.89561
2.53811923871997,0.89622
2.53687749732123,0.89591
2.5356369703396,0.89654
2.53439765599441,0.89625
2.53315955250845,0.89281
2.53192265810801,0.8918
2.53068697102284,0.8967
2.52945248948613,0.90114
2.52821921173452,0.9017
2.5269871360081,0.90204
2.52575626055037,0.90346
2.52452658360826,0.90355
2.52329810343212,0.90159
2.52207081827569,0.89864
2.52084472639611,0.89626
2.51961982605391,0.89698
2.51839611551301,0.89803
2.51717359304067,0.89346
2.51595225690755,0.88608
2.51473210538763,0.88378
2.51351313675827,0.88702
2.51229534930015,0.89092
2.51107874129727,0.89413
2.50986331103698,0.89785
2.50864905680992,0.90201
2.50743597691004,0.90564
2.50622406963461,0.90747
2.50501333328417,0.90796
2.50380376616254,0.90796
2.50259536657682,0.90704
2.50138813283738,0.90476
2.50018206325785,0.90334
2.4989771561551,0.90413
2.49777340984926,0.90386
2.49657082266368,0.90231
2.49536939292494,0.9011
2.49416911896284,0.89898
2.49296999911041,0.89509
2.49177203170385,0.89057
2.49057521508259,0.88967
2.48937954758922,0.89491
2.48818502756954,0.9011
2.48699165337249,0.90285
2.48579942335022,0.90115
2.48460833585799,0.89658
2.48341838925424,0.89125
2.48222958190055,0.88933
2.48104191216163,0.89077
2.47985537840532,0.89316
2.47866997900259,0.89445
2.47748571232751,0.89252
2.47630257675726,0.88874
2.47512057067212,0.88726
2.47393969245545,0.88871
2.47275994049372,0.89076
2.47158131317646,0.8931
2.47040380889626,0.89529
2.46922742604879,0.8949
2.46805216303275,0.89183
2.46687801824992,0.88908
2.4657049901051,0.88787
2.46453307700612,0.8869
2.46336227736384,0.88648
2.46219258959215,0.88948
2.46102401210792,0.89577
2.45985654333107,0.8986
2.45869018168447,0.89506
2.45752492559401,0.89072
2.45636077348855,0.88702
2.45519772379994,0.88471
2.45403577496298,0.88658
2.45287492541543,0.88994
2.45171517359803,0.89282
2.45055651795445,0.89377
2.44939896293085,0.89234
2.448242494972,0.89308
2.44708711853561,0.89602
2.44593283207707,0.8976
2.44477963405468,0.89699
2.44362752292965,0.89445
2.4424764971661,0.89101
2.44132655523103,0.88773
2.44017769559433,0.8852
2.43902991672876,0.88504
2.43788321710997,0.88671
2.43673759521647,0.88753
2.4355930495296,0.88804
2.4344495785336,0.88853
2.43330718071553,0.88895
2.43216585456527,0.89029
2.43102559857557,0.89159
2.42988641124198,0.8915
2.42874829106288,0.89116
2.42761123653945,0.89042
2.42647524617568,0.88988
2.42534031847837,0.89133
2.42420645195711,0.89232
2.42307364512426,0.89092
2.42194189649497,0.88971
2.42081120458716,0.88918
2.41968156792152,0.88845
2.41855298502151,0.88921
2.41742545441331,0.89189
2.41629897462589,0.89226
2.41517354419093,0.88939
2.41404916164285,0.889
2.41292582551881,0.89225
2.41180353435868,0.89474
2.41068228670504,0.89531
2.4095620811032,0.89447
2.40844291610116,0.89078
2.40732479024961,0.88394
2.40620770210194,0.88055
2.40509165021422,0.88329
2.40397663314519,0.88637
2.40286264945629,0.88724
2.40174969771158,0.88466
2.40063777647782,0.88194
2.39952688432441,0.88121
2.39841701982338,0.88206
2.39730818154942,0.88505
2.39620036807986,0.887
2.39509357799463,0.88559
2.39398780987632,0.88343
2.39288306231009,0.88222
2.39177933388376,0.88123
2.39067662318773,0.88184
2.38957492881498,0.88671
2.38847424936112,0.89002
2.38737458342432,0.8869
2.38627592960535,0.88481
2.38517828650753,0.88656
2.38408165273676,0.88562
2.38298602690151,0.87994
2.38189140761281,0.87543
2.38079779348422,0.87644
2.37970518313187,0.88109
2.3786135751744,0.8855
2.377522968233,0.88783
2.37643336093141,0.8874
2.37534475189585,0.88541
2.37425713975507,0.88676
2.37317052314036,0.89058
2.37208490068547,0.89053
2.37100027102667,0.88673
2.36991663280273,0.88525
2.3688339846549,0.88529
2.3677523252269,0.88278
2.36667165876609,0.88234
2.36559197271375,0.88545
2.36451327132728,0.88581
2.36343555326029,0.88382
2.36235881716883,0.88191
2.3612830617114,0.88028
2.36020828554895,0.87996
2.35913448734486,0.87843
2.35806166576494,0.87529
2.35698981947744,0.87646
2.35591894715302,0.88324
2.35484904746474,0.88744
2.35378011908809,0.88482
2.35271216070097,0.8825
2.35164517098365,0.88415
2.35057914861882,0.88552
2.34951409229155,0.88657
2.34845000068927,0.88908
2.34738687250182,0.88974
2.3463247064214,0.8883
2.34526350114257,0.88976
2.34420325536224,0.89436
2.34314396777971,0.89522
2.34208563709659,0.89066
2.34102826201687,0.88837
2.33997184124686,0.89039
2.33891637349519,0.89251
2.33786185747286,0.89499
2.33680829189315,0.89819
2.33575567547169,0.89794
2.33470400692641,0.89505
2.33365328497755,0.89302
2.33260350834764,0.8921
2.33155467576153,0.89054
2.33050678594635,0.88954
2.32945983763152,0.89113
2.32841382954875,0.89306
2.32736876043199,0.89393
2.32632462901752,0.89543
2.32528143404385,0.89751
2.32423917425174,0.90064
2.32319784838425,0.90364
2.32215745518666,0.90307
2.32111799340649,0.89967
2.32007946179353,0.89821
2.31904185909979,0.89754
2.31800518407951,0.89488
2.31696943548916,0.8924
2.31593461208744,0.89261
2.31490071263524,0.89174
2.31386773589569,0.88879
2.31283568063412,0.88882
2.31180454561805,0.89185
2.31077432961722,0.89209
2.30974503140352,0.88717
2.30871664975108,0.87965
2.30768918343618,0.87332
2.30666263123728,0.87134
2.30563699193502,0.87335
2.3046122643122,0.87858
2.30358844715379,0.88621
2.30256553924692,0.89447
2.30154353938086,0.89838
2.30052244634704,0.8928
2.29950225893904,0.88351
2.29848297595256,0.88044
2.29746459618545,0.88091
2.29644711843768,0.87646
2.29543054151135,0.87065
2.29441486421068,0.87327
2.293400085342,0.88205
2.29238620371377,0.88643
2.29137321813653,0.8826
2.29036112742294,0.87538
2.28934993038774,0.87225
2.28833963108427,0.87522
2.28733021785386,0.87811
2.28632169475864,0.87403
2.28531406062169,0.8672
2.28430731426819,0.86915
2.28330145452536,0.87587
2.28229648022251,0.87664
2.281292390191,0.87793
2.28028918326424,0.8841
2.2792868582777,0.88592
2.27828541406888,0.88286
2.27728484947736,0.88053
2.27628516334471,0.88031
2.27528635451456,0.88193
2.27428842183258,0.88112
2.27329136414643,0.87501
2.27229518030582,0.86778
2.27129986916245,0.86382
2.27030542957006,0.8634
2.26931186038438,0.86535
2.26831916046314,0.86921
2.26732732866607,0.87111
2.2663363638549,0.8682
2.26534626489334,0.86271
2.26435703064709,0.86201
2.26336865998383,0.86817
2.26238115177322,0.87476
2.26139450488688,0.87613
2.26040871819841,0.87256
2.25942379058337,0.8679
2.25843972091927,0.86613
2.25745650808559,0.86471
2.25647415096375,0.86431
2.25549264843711,0.86783
2.25451199939099,0.87101
2.25353220271264,0.87243
2.25255325729124,0.8712
2.25157516201789,0.86414
2.25059791578564,0.85858
2.24962151748944,0.86257
2.24864596602617,0.86963
2.24767126029461,0.87195
2.24669739919546,0.87298
2.24572438163131,0.87468
2.24475220650668,0.87274
2.24378087272795,0.86913
2.24281037920341,0.86858
2.24184072484324,0.86735
2.2408719085595,0.86126
2.23990392926613,0.85603
2.23893678587894,0.8591
2.23797047731562,0.86648
2.23700500249573,0.86715
2.23604036034068,0.85882
2.23507654977375,0.85101
2.23411356972008,0.84907
2.23315141910665,0.84969
2.2321900968623,0.852
2.23122960191769,0.85612
2.23026993320536,0.85878
2.22931108965964,0.85755
2.22835307021673,0.85154
2.22739587381463,0.84568
2.22643949939318,0.84834
2.22548394589404,0.85742
2.22452921226068,0.86101
2.22357529743838,0.85633
2.22262220037424,0.85211
2.22166992001715,0.8499
2.22071845531781,0.84662
2.21976780522871,0.84545
2.21881796870414,0.84653
2.21786894470019,0.8459
2.2169207321747,0.84198
2.21597333499785,0.83644
2.21502674230581,0.83342
2.2140809579765,0.83487
2.21313598097489,0.83865
2.21219181026771,0.84416
2.21124844482344,0.84882
2.21030588361235,0.84841
2.20936412560643,0.84334
2.20842316977946,0.83706
2.20748301510692,0.83897
2.20654366056608,0.84851
2.20560510513592,0.85161
2.20466734779717,0.84756
2.20373038753229,0.84752
2.20279422332546,0.85147
2.2018588541626,0.85327
2.20092427903135,0.85017
2.19999049692105,0.84645
2.19905750682277,0.84453
2.1981253077293,0.84385
2.19719389863511,0.84303
2.1962632785364,0.84068
2.19533344643106,0.83877
2.19440440131866,0.83784
2.1934761422005,0.83684
2.19254866807952,0.83849
2.1916219779604,0.84003
2.19069607084946,0.83982
2.18977094575471,0.84664
2.18884660168585,0.85788
2.18792303765423,0.863
2.18700025267289,0.86184
2.1860782457565,0.85703
2.18515701592143,0.85001
2.18423656218569,0.84376
2.18331688356894,0.8413
2.18239797909249,0.84349
2.1814798477793,0.84656
2.18056248865399,0.84756
2.17964590074279,0.84553
2.17873008307358,0.84435
2.17781503467589,0.85077
2.17690075458085,0.8593
2.17598724182124,0.86049
2.17507449543144,0.85334
2.17416251444747,0.84204
2.17325129790697,0.83601
2.17234084484916,0.8435
2.17143115431491,0.85595
2.17052222534666,0.85853
2.16961405698849,0.853
2.16870664828604,0.85034
2.16779999828657,0.85338
2.16689410603893,0.85712
2.16598897059355,0.85588
2.16508459100247,0.84987
2.16418096631927,0.84539
2.16327809559914,0.84981
2.16237597789886,0.86189
2.16147461227674,0.86835
2.16057399779269,0.86119
2.15967413350818,0.84985
2.15877501848624,0.84273
2.15787665179146,0.84052
2.15697903248999,0.83949
2.15608215964953,0.83834
2.15518603233933,0.83907
2.15429064963018,0.83876
2.15339601059443,0.83591
2.15250211430596,0.83369
2.15160895984019,0.83166
2.15071654627407,0.82836
2.14982487268608,0.82616
2.14893393815623,0.82723
2.14804374638016,0.82903
2.1471542872089,0.83206
2.14626556434496,0.83928
2.14537757687442,0.84892
2.14449032388488,0.85498
2.14360380446546,0.8537
2.14271801770677,0.84988
2.14183296270092,0.84972
2.14094863854154,0.85319
2.14006504432373,0.85592
2.13918217914411,0.85564
2.13830004210078,0.85546
2.1374186322933,0.85748
2.13653794882277,0.85536
2.13565799079171,0.84801
2.13477875730417,0.84722
2.13390024746564,0.85582
2.13302246038309,0.86191
2.13214539516497,0.85918
2.13126905092119,0.85646
2.13039342676311,0.85541
2.12951852180358,0.85305
2.12864433515686,0.85031
2.12777086593872,0.84856
2.12689811326633,0.85054
2.12602607625834,0.85647
2.12515475403483,0.85937
2.12428414571734,0.8541
2.12341425042881,0.84826
2.12254506729367,0.84976
2.12167659543773,0.8531
2.12080883398827,0.85226
2.11994178207398,0.85079
2.11907543882498,0.85214
2.11820980337279,0.85025
2.11734487485038,0.84358
2.11648065239212,0.84169
2.1156171351338,0.84725
2.1147543222126,0.85285
2.11389221276713,0.85518
2.1130308059374,0.85448
2.1121701008648,0.85502
2.11131009669215,0.85967
2.11045079256365,0.86496
2.10959218762488,0.86457
2.10873428102284,0.85372
2.10787707190589,0.8408
2.10702055942378,0.83724
2.10616474272765,0.83824
2.10530962097001,0.83502
2.10445519330476,0.83242
2.10360145888716,0.83706
2.10274841687384,0.84481
2.10189606642279,0.8486
2.10104440669339,0.85073
2.10019343684637,0.8568
2.0993431560438,0.86232
2.09849356344913,0.86053
2.09764465822716,0.85337
2.09679643954403,0.84282
2.09594890656724,0.83609
2.09510205846564,0.84062
2.09425589440939,0.84762
2.09341041357004,0.8466
2.09256561512043,0.8406
2.09172149823476,0.83599
2.09087806208857,0.83491
2.0900353058587,0.83829
2.08919322872335,0.84643
2.08835182986201,0.85749
2.08751110845552,0.86254
2.08667106368602,0.85833
2.08583169473698,0.85459
2.08499300079317,0.85401
2.08415498104068,0.85247
2.08331763900712,0.85598
2.08248096519727,0.86364
2.08164496314485,0.86037
2.08080963204115,0.84834
2.07997497107878,0.84638
2.07914097945163,0.85128
2.07830765635489,0.84846
2.07747500098503,0.84258
2.07664301253983,0.84191
2.07581169021833,0.844
2.07498103322087,0.84458
2.07415104074905,0.83993
2.07332171200576,0.83355
2.07249304619517,0.83446
2.07166504252271,0.84804
2.07083770019508,0.86341
2.07001101842025,0.86046
2.06918499640746,0.844
2.0683596333672,0.8353
2.06753492851124,0.84039
2.06671088105257,0.85113
2.06588749020547,0.85936
2.06506475518546,0.86273
2.0642426752093,0.86296
2.063421249495,0.85754
2.06260047726182,0.84645
2.06178035773027,0.83718
2.06096089012208,0.83454
2.06014207366023,0.83604
2.05932390756893,0.83859
2.05850639107361,0.8399
2.05768952340096,0.83821
2.05687330377886,0.83588
2.05605773143645,0.83741
2.05524280560406,0.84409
2.05442852551327,0.8492
2.05361489039685,0.84708
2.0528018994888,0.84361
2.05198955202433,0.84351
2.05117784723987,0.84391
2.05036678437303,0.84083
2.04955636266265,0.83722
2.04874658134877,0.8363
2.04793743967263,0.83593
2.04712893687665,0.83371
2.04632107220447,0.83485
2.04551384490091,0.84387
2.04470725421199,0.84901
2.04390129938491,0.84431
2.04309597966806,0.83711
2.04229129431101,0.83564
2.04148724256453,0.84182
2.04068382368054,0.84695
2.03988103691217,0.84722
2.03907888151369,0.84617
2.03827735674056,0.84538
2.03747646184943,0.84613
2.03667619609808,0.84548
2.03587655874547,0.84111
2.03507754905175,0.84108
2.03427916627819,0.84657
2.03348140968724,0.84528
2.0326842785425,0.8365
2.03188777210873,0.83525
2.03109188965185,0.84244
2.03029663043891,0.84439
2.02950199373811,0.84139
2.02870797881881,0.84056
2.02791458495151,0.83844
2.02712181140783,0.8356
2.02632965746056,0.83744
2.0255381223836,0.8425
2.02474720545201,0.84658
2.02395690594194,0.84892
2.02316722722392,0.84896
2.02237816038678,0.84581
2.02158970880648,0.84331
2.02080187176369,0.84352
2.02001464854023,0.84174
2.019228038419,0.83779
2.01844204068406,0.83424
2.01765665462055,0.83461
2.01687187951474,0.84428
2.01608771465399,0.85729
2.0153041593268,0.8554
2.01452121282275,0.83698
2.01373887443254,0.82286
2.01295714344795,0.81965
2.01217601916187,0.8193
2.0113955008683,0.82212
2.01061558786233,0.83228
2.00983627944012,0.84128
2.00905757489895,0.84666
2.00827947353717,0.85085
2.00750197465422,0.84803
2.00672507755064,0.84074
2.00594878152804,0.83916
2.00517308588909,0.84137
2.00439798993758,0.84108
2.00362349297835,0.83934
2.00284959431731,0.83909
2.00207629326145,0.83971
2.00130358911884,0.83725
2.00053148119861,0.83432
1.99975996881094,0.83514
1.9989890512671,0.83489
1.99821872787941,0.83349
1.99744899796123,0.83734
1.99667986082702,0.84415
1.99591131579226,0.84946
1.9951433621735,0.84622
1.99437599928833,0.83667
1.9936092264554,0.8337
1.9928430429944,0.83944
1.99207744822608,0.84717
1.99131244147222,0.85195
1.99054802205563,0.84673
1.98978418930019,0.83573
1.98902094253079,0.83239
1.98825828107337,0.83451
1.98749620425491,0.83863
1.98673471140339,0.84455
1.98597380184786,0.84729
1.98521347491836,0.85129
1.98445372994599,0.86031
1.98369456626285,0.86395
1.98293598320207,0.85833
1.9821779800978,0.85318
1.98142055628521,0.84637
1.98066371110047,0.83824
1.97990744388079,0.83854
1.97915175396436,0.84407
1.97839664069042,0.84245
1.97764210339918,0.83748
1.97688814143188,0.83668
1.97613475413075,0.8387
1.97538194083903,0.84298
1.97462970090096,0.84513
1.97387803366179,0.8398
1.97312693846773,0.83032
1.97237641466603,0.82545
1.9716264616049,0.82824
1.97087707863355,0.83463
1.97012826510219,0.84715
1.96938002036201,0.86442
1.96863234376518,0.87065
1.96788523466485,0.86505
1.96713869241517,0.8636
1.96639272023796,0.86943
1.96564730975298,0.86804
1.96490246418693,0.84949
1.96415818289787,0.83288
1.96341446524481,0.83703
1.96267131058774,0.84825
1.96192871828762,0.85042
1.96118668770638,0.84646
1.9604452182069,0.84426
1.95970430915304,0.84599
1.95896395990961,0.84518
1.95822416984239,0.8406
1.9574849383181,0.84186
1.95674626470444,0.84559
1.95600814837004,0.84201
1.9552705886845,0.83701
1.95453358501836,0.83534
1.95379713674312,0.83478
1.95306124323121,0.83126
1.95232590385602,0.82888
1.95159111799188,0.83386
1.95085688501406,0.84619
1.95012320429876,0.85141
1.94939007522314,0.83867
1.94865749716528,0.82243
1.94792546950419,0.81699
1.94719399161983,0.81806
1.94646306289308,0.82055
1.94573268270575,0.82619
1.94500285044058,0.8346
1.94427356548123,0.84453
1.9435448272123,0.85705
1.94281663501928,0.86689
1.94208898828863,0.86852
1.94136188640768,0.8657
1.9406353287647,0.85755
1.93990931474888,0.84193
1.93918384375031,0.8251
1.93845891516,0.82189
1.93773452836987,0.83622
1.93701068277275,0.84682
1.93628737776237,0.8401
1.93556461273337,0.83703
1.9348423870813,0.85109
1.9341207002026,0.85733
1.93339955149461,0.84392
1.93267894035558,0.83479
1.93195886618465,0.84503
1.93123932838186,0.86349
1.93052032634813,0.87315
1.92980185948528,0.86576
1.92908392719603,0.85416
1.92836652888398,0.85291
1.92764966395361,0.85571
1.92693333181029,0.85341
1.92621753186027,0.84702
1.92550226351071,0.84253
1.9247875261696,0.8389
1.92407331924586,0.83583
1.92335964214924,0.83804
1.92264649429041,0.84967
1.92193387508088,0.85928
1.92122178393304,0.84946
1.92051022026017,0.829
1.91979918347639,0.82559
1.9190886729967,0.83734
1.91837868823698,0.84488
1.91766922861395,0.84433
1.9169602935452,0.84033
1.9162518824492,0.84269
1.91554399474525,0.85191
1.91483662985352,0.85432
1.91412978719505,0.8451
1.91342346619171,0.83339
1.91271766992473,0.82651
1.91201239049802,0.82637
1.91130763099721,0.82834
1.91060339084757,0.83069
1.90989966947525,0.83336
1.90919646630721,0.82859
1.90849378077128,0.82025
1.90779161229612,0.82187
1.90708996031123,0.82758
1.90638882424695,0.8324
1.90568820353447,0.84185
1.90498809760579,0.84807
1.90428850589377,0.84682
1.90358942783209,0.84517
1.90289086285526,0.83991
1.90219281039863,0.83197
1.90149526989836,0.83221
1.90079824079146,0.83425
1.90010172251575,0.82628
1.89940571450987,0.81229
1.89871021621329,0.80521
1.89801522706631,0.81201
1.89732074651003,0.82329
1.89662677398638,0.83522
1.89593330893811,0.84472
1.89524035080876,0.83878
1.89454789904272,0.82659
1.89385595308516,0.82252
1.89316451238207,0.82333
1.89247357638027,0.82284
1.89178314452735,0.81845
1.89109321627174,0.8065
1.89040379106264,0.79353
1.88971486835009,0.79814
1.88902644758491,0.82312
1.88833852821872,0.84552
1.88765110970393,0.84508
1.88696419149378,0.82411
1.88627777304228,0.80435
1.88559185380423,0.80088
1.88490643323523,0.80414
1.88422151079168,0.80328
1.88353708593076,0.80604
1.88285315811045,0.81824
1.88216972678949,0.83407
1.88148679142744,0.84244
1.88080435148462,0.83683
1.88012240642214,0.82737
1.87944095570189,0.83023
1.87875999878655,0.84273
1.87807953513956,0.84571
1.87739956422515,0.83705
1.87672008550832,0.82964
1.87604109845486,0.82134
1.8753626025313,0.80863
1.87468459720498,0.79943
1.87400708194397,0.79861
1.87333005621716,0.80717
1.87265351949414,0.81762
1.87197747124534,0.81818
1.87130191094189,0.80721
1.87062683805572,0.7981
1.86995225205951,0.80203
1.86927815242671,0.80844
1.86860453863151,0.8043
1.86793141014889,0.79543
1.86725876645454,0.79228
1.86658660702494,0.79163
1.86591493133733,0.7902
1.86524373886966,0.7896
1.86457302910067,0.79267
1.86390280150984,0.80257
1.86323305557739,0.81093
1.8625637907843,0.81005
1.86189500661227,0.80739
1.86122670600794,0.81165
1.86055888152369,0.81684
1.85989153611012,0.81997
1.85922466925193,0.82401
1.85855828043452,0.82366
1.85789236914407,0.81942
1.85722693486747,0.81922
1.85656197709236,0.81419
1.85589749530709,0.8013
1.85523348900078,0.7842
1.85456995766325,0.77519
1.85390690078505,0.77711
1.85324431785748,0.78341
1.85258220837255,0.79814
1.851920571823,0.80769
1.85125940770229,0.79602
1.85059871550461,0.78348
1.84993849472488,0.78673
1.84927874485871,0.79719
1.84861946540247,0.8128
1.84796065585321,0.82666
1.84730231570872,0.82361
1.84664444446751,0.80921
1.84598704162877,0.80643
1.84533010669245,0.81482
1.84467363915917,0.8223
1.84401763853029,0.82496
1.84336210430785,0.81755
1.84270703599464,0.81087
1.84205243309411,0.81507
1.84139829511045,0.82084
1.84074462154854,0.81987
1.84009141191395,0.81703
1.83943866571298,0.81362
1.83878638245261,0.80839
1.83813456164053,0.81335
1.83748320278511,0.82637
1.83683230539544,0.83165
1.83618186898129,0.83043
1.83553189305313,0.83856
1.83488237712212,0.8502
1.83423332070011,0.85016
1.83358472329965,0.83635
1.83293658443397,0.82085
1.83228890361699,0.81146
1.83164168036332,0.80598
1.83099491418824,0.7995
1.83034860460775,0.78925
1.82970275113849,0.78284
1.82905735329782,0.79052
1.82841241060375,0.8081
1.82776792257499,0.81233
1.82712388873092,0.79481
1.82648030859159,0.78755
1.82583718167775,0.80631
1.8251945075108,0.82524
1.82455228561282,0.83181
1.82391051550657,0.82542
1.82326919671547,0.80675
1.82262832876363,0.78942
1.8219879111758,0.79109
1.82134794347742,0.79974
1.8207084251946,0.79124
1.82006935585409,0.78134
1.81943073498332,0.79927
1.81879256211038,0.83107
1.81815483676404,0.84424
1.8175175584737,0.83235
1.81688072676944,0.81696
1.81624434118199,0.81053
1.81560840124275,0.80744
1.81497290648375,0.80783
1.81433785643769,0.81709
1.81370325063794,0.82124
1.81306909190573,0.81138
1.81243537319896,0.79853
1.81180209734247,0.7921
1.81116926387222,0.79774
1.81053687232482,0.81171
1.80990492223752,0.82174
1.80927341314821,0.823
1.80864234459545,0.81417
1.80801171611842,0.79758
1.80738152725695,0.79458
1.80675177755151,0.81615
1.80612246654321,0.83588
1.80549359377381,0.83357
1.80486515878569,0.82595
1.80423716112188,0.8337
1.80360960032605,0.8426
1.80298247594248,0.83203
1.8023557875161,0.81173
1.80172953459249,0.80945
1.80110371671783,0.8228
1.80047833343894,0.82742
1.79985338430329,0.81889
1.79922886885894,0.80846
1.79860478665462,0.80286
1.79798113723965,0.79141
1.79735792016399,0.77366
1.79673513497823,0.7653
1.79611278123357,0.77475
1.79549085848183,0.79841
1.79486936627548,0.82225
1.79424830416756,0.8318
1.79362767171177,0.82543
1.79300746846242,0.81125
1.79238769397441,0.79915
1.79176834780329,0.80335
1.7911494295052,0.82416
1.79053093863691,0.83823
1.78991287475578,0.83258
1.7892952374198,0.81641
1.78867802618757,0.80266
1.78806124061829,0.79734
1.78744488027177,0.8058
1.78682894470842,0.82497
1.78621343348927,0.83896
1.78559834617595,0.84329
1.7849836823307,0.84418
1.78436944151633,0.84012
1.78375562329629,0.82911
1.78314222723462,0.81068
1.78252925289595,0.79854
1.78191669984551,0.80501
1.78130456764914,0.82426
1.78069285587326,0.83254
1.7800815640849,0.82924
1.77947069185167,0.83065
1.77886023874179,0.82761
1.77825020432406,0.80794
1.77764058816787,0.78487
1.77703138984321,0.78258
1.77642260892065,0.79702
1.77581424497135,0.81194
1.77520629756706,0.82958
1.77459876628013,0.84705
1.77399165068346,0.84907
1.77338495035057,0.83528
1.77277866485554,0.81935
1.77217279377304,0.81222
1.77156733667833,0.8156
1.77096229314724,0.82795
1.77035766275618,0.8385
1.76975344508214,0.82756
1.76914963970268,0.80378
1.76854624619595,0.80623
1.76794326414067,0.83277
1.76734069623963,0.84002
1.76673853582357,0.82087
1.76613678559855,0.8028
1.7655354451456,0.80482
1.76493451404628,0.8126
1.76433399188276,0.8085
1.76373387823774,0.80589
1.76313417269451,0.81667
1.76253487483693,0.82798
1.76193598424942,0.83475
1.76133750051695,0.84105
1.76073942322508,0.83553
1.76014175195991,0.82034
1.75954448630811,0.81288
1.75894762585692,0.80785
1.75835117019413,0.8031
1.75775511890809,0.80228
1.75715947158771,0.80814
1.75656422782245,0.83069
1.75596938720233,0.84839
1.75537494931794,0.84829
1.7547809137604,0.83742
1.7541872801214,0.81686
1.75359404799317,0.80259
1.7530012169685,0.79939
1.75240878664074,0.79027
1.75181675660377,0.78281
1.75122512645203,0.79174
1.75063389578049,0.79749
1.7500430641847,0.79355
1.74945263126073,0.79685
1.7488625966052,0.80842
1.74827295981528,0.81334
1.74768372048868,0.80536
1.74709487822364,0.80654
1.74650643261897,0.82365
1.74591838327399,0.82734
1.74533072978858,0.81539
1.74474347176314,0.81693
1.74415660879863,0.82983
1.74357014049653,0.83402
1.74298406645887,0.83131
1.74239838628819,0.81786
1.74181309958759,0.80047
1.74122820596069,0.79639
1.74064370501165,0.80728
1.74005959634515,0.81714
1.73947587956641,0.82106
1.73889255428118,0.82512
1.73830962009574,0.82342
1.73772707661687,0.82193
1.73714492345193,0.82313
1.73656316020875,0.82476
1.73598178649573,0.81775
1.73540080192177,0.80372
1.73482020609629,0.79366
1.73423999862926,0.78203
1.73366017913113,0.77465
1.73308074721291,0.77901
1.73250170248611,0.78517
1.73192304456276,0.78771
1.73134477305541,0.79479
1.73076688757714,0.80244
1.73018938774151,0.81046
1.72961227316265,0.81654
1.72903554345515,0.80652
1.72845919823415,0.79002
1.72788323711529,0.78588
1.72730765971473,0.7882
1.72673246564912,0.79472
1.72615765453564,0.80977
1.72558322599199,0.8184
1.72500917963635,0.82043
1.72443551508742,0.82371
1.72386223493612,0.82271
1.72328933285678,0.81011
1.7227168114433,0.80375
1.7221446703164,0.79344
1.72157290909732,0.77653
1.72100152740779,0.77778
1.72043052487003,0.79063
1.71985990110678,0.78758
1.71928965574129,0.77425
1.71871978839727,0.78479
1.71815029869897,0.81143
1.71758118627111,0.81207
1.71701245073893,0.78168
1.71644409172815,0.76331
1.71587610886499,0.77491
1.71530850177616,0.79411
1.71474127008886,0.80101
1.71417441343081,0.7958
1.7136079314302,0.79392
1.7130418237157,0.80581
1.7124760899165,0.82267
1.71191072966225,0.83257
1.71134574258311,0.8362
1.71078112830973,0.83423
1.71021688647323,0.82448
1.70965301670523,0.80971
1.70908951863783,0.80428
1.70852639190361,0.81034
1.70796363613564,0.80113
1.70740125096748,0.78502
1.70683923603316,0.79188
1.70627759096721,0.80936
1.70571631540461,0.80799
1.70515540898085,0.79581
1.70459487133189,0.78993
1.70403470209415,0.79139
1.70347490090456,0.80572
1.70291546740051,0.82818
1.70235640121986,0.85173
1.70179770200096,0.85109
1.70123936938262,0.82192
1.70068140300413,0.78902
1.70012380250526,0.7814
1.69956656752625,0.79477
1.69900969770779,0.80825
1.69845319269108,0.81944
1.69789705211776,0.82333
1.69734127562994,0.82534
1.69678586287022,0.8385
1.69623081348165,0.83897
1.69567612710774,0.81367
1.69512180339249,0.77938
1.69456784198034,0.76494
1.69401424251622,0.78023
1.6934610046455,0.79497
1.69290812801404,0.79478
1.69235561226812,0.79886
1.69180345705453,0.80804
1.69125166202049,0.80996
1.69070022681369,0.81577
1.69014915108228,0.82117
1.68959843447486,0.81911
1.6890480766405,0.82823
1.68849807722872,0.84348
1.6879484358895,0.84485
1.68739915227328,0.83004
1.68685022603093,0.81107
1.68630165681381,0.80202
1.6857534442737,0.81718
1.68520558806286,0.82927
1.68465808783399,0.80442
1.68411094324024,0.77615
1.68356415393521,0.78334
1.68301771957296,0.81025
1.68247163980798,0.82133
1.6819259171241,0.80769
1.68138054551713,0.78967
1.68083552747362,0.79259
1.68029086264987,0.80937
1.67974655070261,0.82348
1.67920259128902,0.84113
1.67865898406672,0.84328
1.67811572869378,0.81645
1.67757282482871,0.80235
1.67703027213046,0.81043
1.67648807025842,0.81218
1.67594621887243,0.80461
1.67540471763275,0.79368
1.6748635662001,0.79069
1.67432276423562,0.80713
1.67378231140091,0.82486
1.67324220735799,0.83102
1.67270245176931,0.83781
1.67216304429777,0.85882
1.6716239846067,0.87768
1.67108527235986,0.86643
1.67054690722146,0.82752
1.67000888885611,0.8028
1.66947121692889,0.81393
1.66893389110528,0.8218
1.66839691105121,0.82076
1.66786027643303,0.82764
1.66732398691752,0.81975
1.6667880421719,0.79838
1.66625244186379,0.80664
1.66571718566128,0.82992
1.66518227323284,0.84645
1.6646477042474,0.86031
1.66411347837429,0.85326
1.66357959528329,0.82015
1.66304605464459,0.79531
1.66251285612879,0.80255
1.66197999940694,0.826
1.66144748415049,0.83801
1.66091531003132,0.82856
1.66038347672173,0.82948
1.65985198389443,0.85066
1.65932083122257,0.85361
1.65879001837969,0.82473
1.65825954503978,0.80651
1.65772941087722,0.81475
1.65719961556681,0.8285
1.65667015878378,0.8422
1.65614104020377,0.85333
1.65561225950282,0.85865
1.65508381635741,0.84403
1.6545557104444,0.81717
1.65402794144109,0.81693
1.65350050902517,0.82786
1.65297341287477,0.82224
1.65244665266839,0.80736
1.65192022808499,0.79771
1.65139413880389,0.80415
1.65086838450484,0.81335
1.650342964868,0.81254
1.64981787957395,0.81854
1.64929312830364,0.82854
1.64876871073845,0.83098
1.64824462656017,0.81793
1.64772087545097,0.79733
1.64719745709346,0.77916
1.64667437117063,0.77135
1.64615161736586,0.77611
1.64562919536296,0.78583
1.64510710484612,0.80117
1.64458534549995,0.82627
1.64406391700944,0.84914
1.64354281906,0.84623
1.64302205133741,0.82089
1.6425016162257,0.81341
1.64198150801411,0.83791
1.64146172908916,0.8617
1.64094227913824,0.88216
1.64042315784913,0.90335
1.63990436491,0.89987
1.63938590000942,0.86184
1.63886776283637,0.83571
1.6383499530802,0.81449
1.63783247043065,0.8029
1.63731531457787,0.79836
1.6367984852124,0.79673
1.63628198202516,0.80485
1.63576580470745,0.8188
1.635249952951,0.81679
1.63473442644788,0.79806
1.63421922489057,0.7921
1.63370434797196,0.81164
1.63318979538528,0.83878
1.63267556682418,0.85029
1.63216166198269,0.8464
1.63164808055522,0.82995
1.63113482223657,0.81645
1.63062188672191,0.8038
1.63010927370682,0.78393
1.62959698288723,0.77716
1.62908501395947,0.78348
1.62857336662027,0.77886
1.62806204056669,0.76856
1.62755103549623,0.78486
1.62704035110672,0.81338
1.6265299870964,0.83686
1.62601994316387,0.85629
1.62551021900813,0.86069
1.62500081432853,0.85691
1.62449172882482,0.84833
1.62398296219712,0.83019
1.62347451414591,0.80385
1.62296638437206,0.77997
1.62245857257682,0.75544
1.62195107846179,0.76183
1.62144390172897,0.78735
1.62093704208073,0.79271
1.62043049921978,0.77559
1.61992427284924,0.75026
1.61941836267259,0.7458
1.61891276839366,0.7762
1.61840748971668,0.81064
1.61790252634622,0.82215
1.61739787798725,0.81193
1.61689354434508,0.79468
1.6163895251254,0.77698
1.61588582003427,0.78246
1.61538242877811,0.80408
1.6148793510637,0.79629
1.61437658659821,0.76569
1.61387413508914,0.76124
1.61337199624439,0.78416
1.61287016977218,0.81704
1.61236865538114,0.8456
1.61186745278023,0.85292
1.61136656167878,0.82549
1.61086598178648,0.79218
1.6103657128134,0.77642
1.60986575446994,0.77853
1.60936610646687,0.78925
1.60886676851533,0.80901
1.60836774032682,0.839
1.60786902161316,0.85197
1.60737061208658,0.83415
1.60687251145964,0.81787
1.60637471944525,0.81751
1.60587723575669,0.82964
1.60538006010758,0.8229
1.60488319478757,0.78257
1.60438663435808,0.74919
1.60389038111108,0.75427
1.60339443476158,0.77787
1.602898795025,0.80328
1.60240346161708,0.8194
1.60190843425391,0.82198
1.60141371265196,0.83612
1.60091929652801,0.84986
1.60042518559923,0.84785
1.5999313795831,0.83777
1.59943787819748,0.80168
1.59894468116056,0.76943
1.59845178819089,0.78129
1.59795919900736,0.80571
1.59746691332919,0.82432
1.59697493087598,0.84595
1.59648325136765,0.84005
1.59599187452447,0.81011
1.59550080006707,0.77612
1.59501002771639,0.75262
1.59451955719375,0.7524
1.5940293882208,0.76954
1.59353952051951,0.79603
1.59304995381222,0.81802
1.59256068782161,0.82923
1.59207172227068,0.83674
1.59158305688278,0.86158
1.59109469138162,0.87454
1.59060662549121,0.83149
1.59011885893592,0.8061
1.58963139144047,0.81102
1.5891442227299,0.80005
1.58865735252959,0.77107
1.58817078056526,0.76763
1.58768450656296,0.76855
1.58719853024908,0.77549
1.58671285135035,0.79334
1.58622746959382,0.80508
1.58574238470689,0.814
1.58525759641728,0.82504
1.58477310445305,0.83486
1.58428890854259,0.83798
1.58380500841463,0.81867
1.58332140379822,0.78523
1.58283809442274,0.79449
1.58235508001791,0.84594
1.58187236031377,0.86551
1.58138993504071,0.82294
1.58090780392941,0.78177
1.58042596671093,0.79542
1.5799444231166,0.82222
1.57946317287812,0.82262
1.57898221572751,0.825
1.5785015513971,0.83371
1.57802117961956,0.80896
1.57754110012788,0.75481
1.57706131265538,0.73656
1.57658181693569,0.76619
1.57610261270278,0.80044
1.57562369969094,0.81525
1.57514507763477,0.80889
1.57466674626922,0.80696
1.57418870532953,0.81425
1.57371095455128,0.80581
1.57323349367037,0.7994
1.57275632242301,0.81825
1.57227944054574,0.84151
1.57180284777542,0.84074
1.57132654384923,0.81608
1.57085052850465,0.78724
1.5703748014795,0.77774
1.56989936251191,0.78623
1.56942421134032,0.79648
1.5689493477035,0.81561
1.56847477380065,0.82864
1.56800048444943,0.82672
1.56752648185117,0.83071
1.56705276574588,0.83983
1.56657933587391,0.83546
1.56610619197591,0.81205
1.56563333379285,0.79992
1.56516076106599,0.80828
1.56468847353694,0.82983
1.5642164709476,0.84904
1.56374475304018,0.84304
1.5632733195572,0.83902
1.56280217024149,0.8661
1.56233130483622,0.87512
1.56186072308482,0.83396
1.56139042473106,0.78086
1.56092040951902,0.76524
1.56045067719307,0.75886
1.5599812274979,0.76159
1.55951206017851,0.78291
1.5590431749802,0.81079
1.55857457164857,0.82848
1.55810624992954,0.84839
1.55763820956933,0.7891
1.55717045031446,0.75077
1.55670297191176,0.78355
1.55623577410836,0.82757
1.5557688566517,0.84343
1.55530221928951,0.85801
1.55483586176984,0.87148
1.55436978384102,0.8755
1.55390398525171,0.86423
1.55343846575085,0.81789
1.55297322508768,0.77638
1.55250826301176,0.77452
1.55204357927293,0.78913
1.55157917362133,0.81125
1.55111504580741,0.83953
1.55065119558192,0.85918
1.5501876226959,0.88362
1.54972432690068,0.89331
1.5492613079479,0.88329
1.5487985655895,0.90866
1.54833609957771,0.91584
1.54787390966504,0.8699
1.54741199560433,0.82016
1.54695035714868,0.84168
1.54648899405152,0.8812
1.54602790606653,0.89494
1.54556709294772,0.89913
1.54510655444939,0.89718
1.54464629032611,0.84192
1.54418630033276,0.79175
1.54372658422451,0.78145
1.54326714175683,0.78545
1.54280797268545,0.80111
1.54234907676642,0.81526
1.54189045375608,0.81559
1.54143210341104,0.80317
1.54097402548822,0.80404
1.54051621974481,0.81149
1.5400586859383,0.83978
1.53960142382648,0.86468
1.53914443316739,0.83739
1.5386877137194,0.79985
1.53823126524113,0.76176
1.53777508749152,0.73102
1.53731918022977,0.74731
1.53686354321538,0.80414
1.53640817620813,0.816
1.53595307896809,0.80354
1.53549825125559,0.83781
1.53504369283128,0.87225
1.53458940345607,0.8389
1.53413538524473,0.79574
1.53368163325021,0.79376
1.53322814958923,0.81173
1.53277493402385,0.8162
1.53232198631638,0.80436
1.53186930622944,0.78213
1.53141689352592,0.7908
1.53096474796897,0.79941
1.53051286932205,0.80318
1.53006125734889,0.84783
1.52960991181349,0.89437
1.52915883248014,0.89371
1.52870801911339,0.89208
1.52825747147808,0.90885
1.52780718933935,0.90332
1.52735717246256,0.87826
1.5269074206134,0.86114
1.52645793355782,0.85924
1.52600871106202,0.87376
1.52555975289252,0.90153
1.52511105881607,0.88973
1.52466262859973,0.84422
1.52421446201081,0.81919
1.52376655881691,0.81118
1.52331891878589,0.81685
1.52287154168589,0.84465
1.52242442728532,0.85062
1.52197757535287,0.81488
1.52153098565748,0.78195
1.52108465796839,0.80196
1.52063859205508,0.85961
1.52019278768733,0.90209
1.51974724463518,0.9214
1.51930196266892,0.92557
1.51885694155913,0.92113
1.51841218107665,0.9186
1.51796768099261,0.9137
1.51752344107837,0.89679
1.51707946110558,0.88741
1.51663574084617,0.88111
1.5161922800723,0.82744
1.51574907855643,0.76956
1.51530613607127,0.80024
1.51486345238981,0.85829
1.51442102728527,0.83938
1.51397886053118,0.79133
1.51353695190131,0.81438
1.5130953011697,0.88086
1.51265390811064,0.89664
1.5122127724987,0.872
1.51177189410871,0.87964
1.51133127271576,0.90387
1.5108909080952,0.93429
1.51045080002265,0.91565
1.51001094827398,0.88162
1.50957135262533,0.8631
1.50913201285308,0.85052
1.50869292873391,0.86778
1.50825410004473,0.88023
1.50781552656272,0.88866
1.5073772080653,0.91066
1.50693914433018,0.90077
1.5065013351353,0.87128
1.50606378025888,0.839
1.50562647947939,0.82368
1.50518943257555,0.84449
1.50475263932635,0.87035
1.50431609951102,0.83191
1.50387981290905,0.81038
1.5034437793002,0.81785
1.50300799846448,0.81284
1.50257247018214,0.83562
1.5021371942337,0.84366
1.50170217039994,0.78077
1.50126740071567,0.76921
1.50083288045326,0.79661
1.50039861164936,0.83282
1.49996459408574,0.82438
1.49953082754444,0.77418
1.49909731180776,0.79079
1.49866404665822,0.85059
1.49823103187862,0.85634
1.497798267252,0.80619
1.49736575256166,0.74282
1.49693348759113,0.73388
1.49650147212421,0.77743
1.49606970594494,0.82225
1.49563818883761,0.8291
1.49520692058676,0.80842
1.49477590097718,0.82658
1.49434512979391,0.87453
1.49391460682222,0.87749
1.49348433184766,0.7924
1.493054304656,0.74438
1.49262452503326,0.74056
1.49219499276571,0.75996
1.49176570763988,0.81872
1.49133666944253,0.83213
1.49090787796066,0.81157
1.49047933298152,0.8405
1.49005103429263,0.87395
1.48962298168171,0.87452
1.48919517493675,0.84381
1.48876761384598,0.80975
1.48834029819788,0.81896
1.48791322778116,0.82713
1.48748640238477,0.77355
1.48705982179792,0.75685
1.48663348581005,0.79368
1.48620739421083,0.83237
1.4857815467902,0.86225
1.48535594333832,0.85603
1.4849305836456,0.81111
1.48450546750267,0.83021
1.48408059470042,0.87484
1.48365596502998,0.81112
1.48323157828271,0.71968
1.48280743425021,0.71367
1.48238353272432,0.74912
1.48195987349712,0.76759
1.48153645636092,0.79248
1.48111328110828,0.80954
1.48069034753199,0.80985
1.48026765542507,0.81992
1.47984520458078,0.83716
1.47942299479262,0.83748
1.47900102585434,0.85028
1.47857929755989,0.86863
1.47815780970348,0.85162
1.47773656207955,0.85026
1.47731555448277,0.88894
1.47689478670806,0.93481
1.47647425855054,0.88271
1.4760539698056,0.76757
1.47563392026884,0.70428
1.4752141097361,0.73858
1.47479453800345,0.82018
1.4743752048672,0.87767
1.47395611012388,0.83851
1.47353725357025,0.84787
1.47311863500332,0.8923
1.47270025422032,0.90971
1.47228211101869,0.88022
1.47186420519613,0.8301
1.47144653655056,0.77368
1.47102910488013,0.77417
1.4706119099832,0.83807
1.47019495165839,0.83028
1.46977823186478,0.81382
1.46936174607971,0.84498
1.46894549626393,0.87762
1.46852948221698,0.8837
1.46811370373858,0.88045
1.46769816062871,0.89334
1.46728285268757,0.90382
1.46686777971557,0.87461
1.46645294151338,0.83501
1.46603833788185,0.81844
1.46562396862209,0.83334
1.46520983353543,0.82248
1.46479593242341,0.78721
1.4643822650878,0.79365
1.46396883133061,0.82846
1.46355563095404,0.8517
1.46314266376055,0.86725
1.46272992955279,0.89316
1.46231742813366,0.8912
1.46190515930628,0.86192
1.46149312287396,0.84423
1.46108131864027,0.81438
1.46066974640898,0.74863
1.46025840598409,0.73198
1.45984729716981,0.78514
1.45943641977059,0.8204
1.45902577359108,0.81904
1.45861535843616,0.8175
1.45820517411092,0.83429
1.45779522042069,0.89457
1.457385497171,0.93941
1.4569760041676,0.93963
1.45656674121647,0.92562
1.45615770812379,0.87785
1.45574890469598,0.85956
1.45534033073965,0.8559
1.45493198606166,0.82882
1.45452387046905,0.8133
1.45411598376911,0.83747
1.45370832576933,0.88279
1.4533008962774,0.90699
1.45289369510127,0.88533
1.45248672204906,0.86524
1.45207997692912,0.87266
1.45167345955003,0.89064
1.45126716972057,0.88611
1.45086110724972,0.85565
1.45045527194671,0.85342
1.45004966362096,0.86064
1.44964428208209,0.86361
1.44923912713997,0.86979
1.44883419860464,0.85032
1.44842949628639,0.82474
1.4480250199957,0.81415
1.44762076954327,0.84277
1.44721674474001,0.89311
1.44681294539702,0.88899
1.44640937132566,0.88159
1.44600602233745,0.88941
1.44560289824415,0.85197
1.44519999885771,0.85089
1.44479732399032,0.87399
1.44439487345434,0.87962
1.44399264706237,0.88855
1.4435906446272,0.87769
1.44318886596185,0.80074
1.44278731087951,0.74691
1.44238597919362,0.76744
1.44198487071781,0.84416
1.4415839852659,0.85505
1.44118332265196,0.82941
1.44078288269021,0.78511
1.44038266519513,0.77268
1.43998266998136,0.84827
1.4395828968638,0.94109
1.43918334772874,0.93952
1.43878401824783,0.93027
1.43838491030896,0.87167
1.4379860237278,0.82708
1.43758735832025,0.87058
1.43718891390241,0.86088
1.43679069029058,0.82422
1.43639268730127,0.85873
1.43599490475118,0.85243
1.43559734245723,0.81611
1.43520000023652,0.83696
1.43480287790638,0.85786
1.43440597528432,0.84057
1.43400929218806,0.83602
1.43361282843552,0.85715
1.43321658384483,0.85028
1.43282055823431,0.8463
1.43242475142249,0.83607
1.43202916322808,0.8347
1.43163379347003,0.86359
1.43123864196744,0.89506
1.43084370853965,0.91649
1.43044899300618,0.92915
1.43005449518675,0.901
1.42966021490129,0.86694
1.42926615196992,0.87118
1.42887230621295,0.89501
1.4284786774509,0.89306
1.42808526550449,0.89202
1.42769207019463,0.88877
1.42729909134243,0.87085
1.4269063287692,0.84996
1.42651378229643,0.87572
1.42612145174583,0.888
1.42572933693929,0.87467
1.42533743769891,0.85183
1.42494575384697,0.83659
1.42455428520595,0.83492
1.42416303159853,0.84961
1.42377199284758,0.84111
1.42338116877617,0.8498
1.42299055920756,0.8402
1.4226001639652,0.82957
1.42220998287274,0.85994
1.42182001575402,0.87033
1.42143026243308,0.93742
1.42104072273415,0.87272
1.42065139648164,0.78142
1.42026228350017,0.74011
1.41987338361454,0.74083
1.41948469664975,0.78727
1.41909622243099,0.86101
1.41870796078364,0.90727
1.41831991153326,0.88643
1.41793207450562,0.83589
1.41754444952667,0.84847
1.41715703642256,0.89427
1.4167698350196,0.83398
1.41638284514434,0.88059
1.41599606662347,0.89832
1.4156094992839,0.86349
1.41522314295272,0.91593
1.4148369974572,0.93939
1.41445106262482,0.92271
1.41406533828322,0.8129
1.41367982426026,0.76663
1.41329452038395,0.8566
1.41290942648253,0.90636
1.41252454238439,0.85109
1.41213986791812,0.80365
1.41175540291251,0.75807
1.41137114719652,0.74043
1.41098710059931,0.71632
1.4106032629502,0.67609
1.41021963606744,0.72878
1.40983621580222,0.82682
1.40945300397423,0.86186
1.40907000041356,0.89675
1.40868720495046,0.91995
1.40830461741539,0.83034
1.40792223763897,0.82666
1.40754006545202,0.86234
1.40715810068554,0.84184
1.40677634317071,0.82915
1.4063947927389,0.84112
1.40601344922165,0.83445
1.4056323124507,0.856
1.40525138225796,0.90067
1.40487065847552,0.87103
1.40449014093567,0.8319
1.40410982947086,0.83095
1.40372972391374,0.86736
1.40334982409712,0.90759
1.402970129854,0.87447
1.40259064101759,0.81065
1.40221135742122,0.81125
1.40183227889846,0.84995
1.40145340528302,0.84872
1.4010747364088,0.85772
1.4006962721099,0.82645
1.40031801222058,0.78993
1.39993995657526,0.78968
1.39956210500858,0.80709
1.39918445735534,0.75696
1.39880701345051,0.76334
1.39842977312924,0.80743
1.39805273622687,0.80343
1.39767590257891,0.83133
1.39729927202105,0.82419
1.39692284438915,0.74702
1.39654661951925,0.71199
1.39617059724758,0.72978
1.39579477741051,0.78757
1.39541915984464,0.88068
1.39504374438669,0.93358
1.3946685308736,0.92732
1.39429351914246,0.83656
1.39391870903055,0.66543
1.39354410037531,0.53375
1.39316969301436,0.52155
1.3927954867855,0.62375
1.39242148152671,0.74982
1.39204767707612,0.7792
1.39167407327206,0.76488
1.39130066995301,0.75202
1.39092746695765,0.78727
1.39055446412481,0.82653
1.3901816612935,0.82988
1.38980905830291,0.79368
1.38943665499239,0.76971
1.38906445120147,0.80939
1.38869244676986,0.76885
1.38832064153742,0.71312
1.38794903534419,0.70089
1.3875776280304,0.66906
1.38720641943643,0.6029
1.38683540940283,0.63719
1.38646459777033,0.78745
1.38609398437983,0.85675
1.3857235690724,0.85789
1.38535335168927,0.80771
1.38498333207184,0.68919
1.38461351006171,0.54368
1.38424388550061,0.53646
1.38387445823045,0.65115
1.38350522809332,0.72472
1.38313619493147,0.72705
1.38276735858732,0.68208
1.38239872081449,0.61375
1.38203027763265,0.58481
1.38166203079678,0.61728
1.38129398014997,0.66934
1.38092612553547,0.71126
1.38055846679672,0.7493
1.38019100377729,0.76498
1.37982373632096,0.70899
1.37945666427164,0.71616
1.37908978747342,0.76284
1.37872310577057,0.752
1.37835661900749,0.70694
1.37799032702878,0.6617
1.3776242296792,0.71372
1.37725832680365,0.81795
1.37689261824722,0.84359
1.37652710385515,0.81236
1.37616178347286,0.78638
1.37579665694593,0.75719
1.37543172412008,0.73679
1.37506698484122,0.67087
1.37470243895541,0.6338
1.3743380863089,0.68665
1.37397392674806,0.77876
1.37360996011945,0.77879
1.37324618626979,0.78482
1.37288260504595,0.82972
1.37251921629499,0.83731
1.37215601986409,0.85468
1.37179301560064,0.87321
1.37143020335215,0.82896
1.37106758296631,0.84589
1.37070515429097,0.81142
1.37034291717414,0.74128
1.36998087146398,0.75237
1.36961901700885,0.7768
1.36925735365721,0.80783
1.36889588125772,0.85501
1.3685345996592,0.9047
1.36817350871061,0.90662
1.36781260826109,0.88688
1.36745189815991,0.81543
1.36709137825654,0.82484
1.36673104840057,0.87692
1.36637090844177,0.88831
1.36601095823006,0.81806
1.36565119761553,0.79559
1.36529162644842,0.80263
1.36493224457911,0.87033
1.36457305185817,0.86448
1.36421404813631,0.83892
1.3638552332644,0.83246
1.36349660709345,0.82138
1.36313816947466,0.80219
1.36277992025936,0.75619
1.36242185929905,0.72717
1.36206398644537,0.73682
1.36170630155014,0.80045
1.36134880446532,0.88194
1.36099149504302,0.8704
1.36063437313552,0.84585
1.36027743859524,0.7833
1.35992069127478,0.70758
1.35956413102686,0.73856
1.35920775770437,0.81953
1.35885157116038,0.86999
1.35849557124806,0.87053
1.35813975782078,0.85469
1.35778413073205,0.78544
1.35742868983552,0.82219
1.35707343498502,0.8989
1.3567183660345,0.9271
1.35636348283809,0.87838
1.35600878525005,0.8708
1.35565427496262,0.8689
1.35529994815381,0.91057
1.35494580651712,0.87901
1.35459184990741,0.80514
1.35423807817973,0.75633
1.35388449118925,0.76743
1.35353108879132,0.75965
1.35317787084141,0.71841
1.35282483719517,0.76195
1.35247198770839,0.82154
1.35211932223699,0.84684
1.35176684063708,0.82042
1.35141454276488,0.76021
1.35106242847678,0.72875
1.35071049762933,0.75319
1.35035875007921,0.7895
1.35000718568325,0.84908
1.34965580429844,0.91793
1.34930460578192,0.85709
1.34895358999096,0.78097
1.34860275678301,0.80246
1.34825210601563,0.87647
1.34790163754656,0.8731
1.34755135123367,0.95799
1.34720124693499,0.92202
1.34685132450868,0.90465
1.34650158381306,0.86298
1.34615202470661,0.86153
1.34580264704792,0.84179
1.34545345069577,0.78319
1.34510443550905,0.77406
1.34475560134681,0.84019
1.34440694806827,0.83699
1.34405847553275,0.86465
1.34371018359975,0.89636
1.3433620721289,0.74251
1.34301414097999,0.68964
1.34266639001294,0.73464
1.34231881908782,0.80101
1.34197142806485,0.81299
1.34162421680439,0.78482
1.34127718516694,0.79055
1.34093033301316,0.83013
1.34058366020383,0.86847
1.34023716659989,0.91545
1.33989085206243,0.87044
1.33954471645266,0.85295
1.33919875963197,0.87615
1.33885298146185,0.83377
1.33850738180396,0.82042
1.33816196052011,0.87879
1.33781671747222,0.76505
1.33747165252238,0.77776
1.33712676553282,0.91825
1.3367820563659,0.87417
1.33643752488413,0.82166
1.33609317095016,0.81548
1.33574899442678,0.83638
1.33540499517693,0.82558
1.33506117306368,0.79369
1.33471752795023,0.85773
1.33437405969996,0.7945
1.33403076817635,0.75367
1.33368765324305,0.73662
